-- phpMyAdmin SQL Dump
-- version 5.2.1
-- https://www.phpmyadmin.net/
--
-- Host: 127.0.0.1
-- Generation Time: Jan 04, 2024 at 03:48 AM
-- Server version: 10.4.28-MariaDB
-- PHP Version: 8.1.17

SET SQL_MODE = "NO_AUTO_VALUE_ON_ZERO";
START TRANSACTION;
SET time_zone = "+00:00";


/*!40101 SET @OLD_CHARACTER_SET_CLIENT=@@CHARACTER_SET_CLIENT */;
/*!40101 SET @OLD_CHARACTER_SET_RESULTS=@@CHARACTER_SET_RESULTS */;
/*!40101 SET @OLD_COLLATION_CONNECTION=@@COLLATION_CONNECTION */;
/*!40101 SET NAMES utf8mb4 */;

--
-- Database: `aplikasi_online_voting`
--

-- --------------------------------------------------------

--
-- Table structure for table `candidate`
--

CREATE TABLE `candidate` (
  `candidateID` int(11) NOT NULL,
  `electionID` int(11) NOT NULL,
  `name` varchar(20) NOT NULL
) ENGINE=InnoDB DEFAULT CHARSET=utf8mb4 COLLATE=utf8mb4_general_ci;

--
-- Dumping data for table `candidate`
--

INSERT INTO `candidate` (`candidateID`, `electionID`, `name`) VALUES
(1, 1, 'Bandung'),
(2, 1, 'Bali'),
(3, 1, 'Jogja'),
(4, 1, 'Sumba'),
(5, 1, 'Singapore'),
(6, 2, 'Up Normal'),
(7, 2, 'Marugame Udon'),
(8, 2, 'Pizza Hut'),
(9, 2, 'Burger King'),
(10, 2, 'Solaria');

-- --------------------------------------------------------

--
-- Table structure for table `election`
--

CREATE TABLE `election` (
  `electionID` int(11) NOT NULL,
  `title` varchar(100) NOT NULL,
  `description` varchar(100) NOT NULL,
  `startDate` date NOT NULL,
  `endDate` date NOT NULL
) ENGINE=InnoDB DEFAULT CHARSET=utf8mb4 COLLATE=utf8mb4_general_ci;

--
-- Dumping data for table `election`
--

INSERT INTO `election` (`electionID`, `title`, `description`, `startDate`, `endDate`) VALUES
(1, 'Rencana Liburan Akhir Tahun', 'Ini merupakan voting destinasi liburan akhir tahun circle X', '2023-12-27', '2023-12-29'),
(2, 'Pilihan Tempat Makan Bersama Weekend Ini', 'Ini merupakan voting tempat makan bersama untuk anak kantor X', '2023-12-28', '2023-12-29'),
(3, 'Pemilihan Ketua Kelas 12 MIPA 3', 'ini merupakan voting untuk memilih ketua kelas 12 MIPA 3 SMA X', '2023-12-29', '2023-12-30'),
(4, 'Pemilihan Ketua & Wakil Ketua BEM Periode 2024-2025', 'Ini merupakan voting pemilihan ketua & wakil ketua BEM Universitas X', '2024-01-01', '2024-01-05'),
(5, 'Pilihan Nama Tim Basket Jurusan Informatika', 'ini merupakan voting pemilihan nama tim basket jurusan Informatika Universitas X', '2024-01-08', '2024-01-12'),
(6, 'Tema Pesta Prom SMA X', 'ini merupakan voting pemilihan tema pesta prom siswa/i kelas 12 SMA X ', '2024-02-05', '2024-02-10'),
(7, 'Pemilu Testing', 'Deskripsi Pemilu Testing', '2024-01-12', '2024-01-14');

-- --------------------------------------------------------

--
-- Table structure for table `participation`
--

CREATE TABLE `participation` (
  `participationID` int(11) NOT NULL,
  `electionID` int(11) NOT NULL,
  `voterID` int(11) NOT NULL,
  `requestStatus` int(11) NOT NULL
) ENGINE=InnoDB DEFAULT CHARSET=utf8mb4 COLLATE=utf8mb4_general_ci;

--
-- Dumping data for table `participation`
--

INSERT INTO `participation` (`participationID`, `electionID`, `voterID`, `requestStatus`) VALUES
(1, 1, 7, 1),
(2, 1, 9, 1);

-- --------------------------------------------------------

--
-- Table structure for table `platform`
--

CREATE TABLE `platform` (
  `platformID` int(11) NOT NULL,
  `publicKey` text NOT NULL,
  `privateKey` text NOT NULL
) ENGINE=InnoDB DEFAULT CHARSET=utf8mb4 COLLATE=utf8mb4_general_ci;

--
-- Dumping data for table `platform`
--

INSERT INTO `platform` (`platformID`, `publicKey`, `privateKey`) VALUES
(2, '-----BEGIN PUBLIC KEY-----\r\nMIIBIjANBgkqhkiG9w0BAQEFAAOCAQ8AMIIBCgKCAQEAwM2LkIGW1e5vj8C+dzQv\r\n3iyhXKaDcF07O+LSKixFUjZxHIYrWMhw2ZrcKQXtYLMIWMKacbfebwYuz+LePeVH\r\n4/YDvk5xXVfS52Qzd/55brdSuT3kLcCNjEbJPLqo+kbzDkCClJodwj1oeJq3QRmj\r\nRYsvckb3fNmBev5cpqxRvSjtppJWrcKc6zH3ib3Q6vhH4TRnXBpgw7UpJVYRFz+8\r\nUNoLq87IqYPZqYNmzHISKJKdeYOJFp7nrxuKn4Dpqg3vs4KkOD2WELwJY5nvEu7J\r\nuPdDXGtixOY3oSHQQFRtmzbS8RxhgEUbN+ylimNVujwc3FjS1b7ErgFTdcsOELyD\r\nSwIDAQAB\r\n-----END PUBLIC KEY-----\r\n', '-----BEGIN RSA PRIVATE KEY-----\r\nMIIEowIBAAKCAQEAwM2LkIGW1e5vj8C+dzQv3iyhXKaDcF07O+LSKixFUjZxHIYr\r\nWMhw2ZrcKQXtYLMIWMKacbfebwYuz+LePeVH4/YDvk5xXVfS52Qzd/55brdSuT3k\r\nLcCNjEbJPLqo+kbzDkCClJodwj1oeJq3QRmjRYsvckb3fNmBev5cpqxRvSjtppJW\r\nrcKc6zH3ib3Q6vhH4TRnXBpgw7UpJVYRFz+8UNoLq87IqYPZqYNmzHISKJKdeYOJ\r\nFp7nrxuKn4Dpqg3vs4KkOD2WELwJY5nvEu7JuPdDXGtixOY3oSHQQFRtmzbS8Rxh\r\ngEUbN+ylimNVujwc3FjS1b7ErgFTdcsOELyDSwIDAQABAoIBADHgGkYAF/5wh2CX\r\nGk5o7CcbwYRfuOnE3HFh/D8Xo7kgR0N7O9RkSbkpE+Hy3BTjS3n2oZBgYcSzw0FY\r\n7Wfym5XPiulcjnv4n6DnLV9Rr6Uh/F7aMWBaiuNqXl185gCUgQTDUGRTt/YK/68P\r\nSu+my7NOTbBQxm4AMDwad+pP8nctntbftuEoBfUkAbt9Jxm1Ed3/TscKfs+BpFFZ\r\nPNWCmZ1eitQCCxjLIOmkSMkdyU5eiL8sfBmvyBDPWo2DoC5Upo1jJ/3zbNm4fRlN\r\nyaimnDCdb2/mxyY4M8etKwcqr1OkJm1VN7eM0dW1ACUOvuFI4do3fFEW2yOGy95Y\r\nk9kuJH0CgYEA/XqKA3fUwI7SjPvUWifnYewzDZX7nD+lbZGsLm3PKWQ8KgCVl++7\r\nGn2U1i8y4MysOsicyf3/sS/hLAf10G/mEP5rf3Q9pWIpkBD2vBNeiSUcAlBpdL0k\r\nqIQZ7op51YtQOqSCMQ2KQXHgjXQVDJdiP9OToUDKjpVIC/VItLPqjMcCgYEAwriA\r\nKdK69s5k8d3cf8V08WrCzzHc7u6dwIegwx0s+AFHZH7eZEXAWwQUZjy7uYeSaXXV\r\nbhbGITB3isyxb1BLicigd0szM1bXxWhtvs3CW1yeSVq8gZa58OdV5LXSCjTjjRw8\r\nAk5BRhQxYOgX8PdOTGVtVzPjQgrknFcDzK2oqV0CgYAMGSUtNTL6Xda+0+Y2x2DL\r\n07I8G8R+mKsUp7dIIAWbPCWC+7QoJFER2pyX/Hi5MgumYpzZJz5k/pwItfiNkkmw\r\n1fPbiXjHw/+n2KduIp6IfTTxB1WBNOXjBSsXr5RRFO0nX2K3ZKYMqZrGJZw7lZ4i\r\n3b5WG/mPBKEDsRlfRpcTUQKBgQCs4ruIZr3xnFcsGFxKZbrrDmthI1iSG/Kcms81\r\n7ZWbrScCJ1K1nOio5vplu87Bb4mjcSfK0xWfKjU5W3y+5H/tGeC/ilkvYA+8CnhG\r\nTNIf5B/16UYtmPIG3p74riaLQWI4S7VMJsb1vcAJ1ohLPoiadAOcxUklvh40YV3S\r\nQO3bUQKBgDehdToYkdbTJr9sT7okksVxrSB1s4v3GKWM+XlglQFKKNDc+kakffLc\r\nBbqa596pcTbwpRgDrecr4QlPqBsLiiTjtiWbKCue6jTmJV99rWCZZIeLF6SR3D15\r\niJxEnRDIlW7FMVaHqK6FDlUnpNArcUt+Ls5hnf/JMfvk9tMRDE5N\r\n-----END RSA PRIVATE KEY-----\r\n'),
(3, '-----BEGIN PUBLIC KEY-----\r\nMIIBIjANBgkqhkiG9w0BAQEFAAOCAQ8AMIIBCgKCAQEAsMff9CEAIwDY++4fGn3k\r\nj14NfHQ3izfGrVd9rVnH8s1Xy1kYv+ZtlMaj/nmYC/e+VYBQv4esopfqEDVgWlvU\r\nzWqEkO1henYTHW0CiSQBs842+6c3eb6yxZWMPXjr3AY5T/RClhVgBKWu5HJLPqHu\r\nX4+DZgO+zPRaEP1+cxVX0krNyXtEWhQJbSKbTgJpaoCilQwkshzYMsMYC/0lUL7s\r\nx/SkmTKRHA7CkloF/gB6xAXez96GWKaMpxxtm30cwpUnZLjjGUvJkilRCopYbbv6\r\nS88pzJFgo5SEa1c7i0jqtlQyuzWFERcB1qD67jGwV2ZO1SXRhsyiPFt7g4NYdSBc\r\nEwIDAQAB\r\n-----END PUBLIC KEY-----\r\n', '-----BEGIN RSA PRIVATE KEY-----\r\nMIIEowIBAAKCAQEAsMff9CEAIwDY++4fGn3kj14NfHQ3izfGrVd9rVnH8s1Xy1kY\r\nv+ZtlMaj/nmYC/e+VYBQv4esopfqEDVgWlvUzWqEkO1henYTHW0CiSQBs842+6c3\r\neb6yxZWMPXjr3AY5T/RClhVgBKWu5HJLPqHuX4+DZgO+zPRaEP1+cxVX0krNyXtE\r\nWhQJbSKbTgJpaoCilQwkshzYMsMYC/0lUL7sx/SkmTKRHA7CkloF/gB6xAXez96G\r\nWKaMpxxtm30cwpUnZLjjGUvJkilRCopYbbv6S88pzJFgo5SEa1c7i0jqtlQyuzWF\r\nERcB1qD67jGwV2ZO1SXRhsyiPFt7g4NYdSBcEwIDAQABAoIBAE2u13QRGF1JXxB+\r\nGD7s+YYiv2xkKZBM50p++uQ1Ys8Iez8JnP2fBaJuE9yclDsWGBa8dz9jIHKmrR2I\r\nRxoN5pqJ501EcyR8RHQW1hlrsC/SO4kkdxVRvn9i8yiEPakHNyIyZRxMsk/4er06\r\nmGQihnyJtSUcGjk4W2fB7VInG9t1dnL3k4YzkzySNzIwfOY3yp96j/snmj3hV5Vw\r\n3i3YqkkA3ZdxYgNmjTZF6mDcwH0N3adUuLASAGgKZ5yDRkMWRX09hI6IEhx1QRzS\r\nzuFsJzX6DOZV9cIXB72cCAv2RzA8PIzvDtWQLmiT2iggWVWPmjTR5YIU9NgVD+I4\r\nHjJLHRkCgYEA4GchNTS/HGIuA/jUjtUBi3cjg5R4FK3Xar4xkMUnubGTYMY/LLl1\r\ndPl8RY0ZFwpUyzTeJsdqizJ7WEAoWfSzlrOJWui0RrSP0CRDGzP4T1hteOjDE9og\r\nNEe+a420HJClP48MTYng/6xxGpOYkaTzH1tSLnJCNR8LBtri26HYRl8CgYEAyawm\r\nUdWl6Vo78mGVFVOPIv/RLziU4lVydbHrTN/Mo+c2Z6LHyVwGUtxw1eI9bxHXvQFS\r\nWW0+qw+kB2I4ozV0C5AeJ8k5ASHJEIWHabSD1C16pOCLdhOpyr34AESRSKdPj9NI\r\nCa5Zl5gnKI+gZ6tW0nSgKCJJxpfDiRnyRf47Ps0CgYAXMdG25CrUzjkfY/rkgJPW\r\nTIw5L4Fx8b4QZHRPGHHQudAX8qXZA5pmatszfTAYt5KoJmDH9VjH5oHlT0xcb/SY\r\nIRqTcPYhUMyEoRrmluqVmPhHxRdU1/j4Lmo6R71ULodGGI0W/qdpBfPy4Uql0zzm\r\nAtRtxJWfVAQZw0orlYD7VQKBgBghs0wjhoDPvVCZgJ9WqlAD0GIYISicFOAkdAV0\r\n2iXaqtXn0oQzsMYFfrL5KWS6+9ev6sysl80cSAJiLGjLIqGnkxQrrdiG1GpXsAZk\r\nBUpETuKfw9BTNgP+i0hs6/2Hl6ucGoieBjZvjG/8D7OX+wGf1vI2eCF9U3Z6VlUt\r\nwKUZAoGBAJ7KDr4KlFJ/ZDlV6whmyGIw3iE+Mt3CgzlHwI0hBjKtKTMJ36xP634D\r\nxAy5fMunOLhY1QXXLPY31XlHyGXPqxUylCVVnOXZ1OMslXPslxBcnZu687wc2i8r\r\nqvFV7iGkv4QXN33Y7o6Iq3MQno0WTmlVhxE3BNxLSzYwKAKOETMm\r\n-----END RSA PRIVATE KEY-----\r\n'),
(4, '-----BEGIN PUBLIC KEY-----\r\nMIIBIjANBgkqhkiG9w0BAQEFAAOCAQ8AMIIBCgKCAQEA9dWNZ3Ud9mQedOLNn1EG\r\n90iZh16btbWZfxtylKWIa7ik80tkUTBKTgDxYg8FwOHEvNAD+nimJ1zYubphkFR0\r\n77d2Qk0t1Jgc9Q//XMbF279ph/gv/gzL60wJ2neL/REPcqIJ7ajM8dxWw/2vxeDB\r\nAxnaKRjvxQ7VBqQXtTfys7RjfV5tdIPd0Eq27EhoK9s5ZthAtxfz9RDAo1DyHo29\r\nc9KGSNfpj8UgQraQ1F0FdArHT9mZ6R37RWlTFgaCuf3uO7Z37NmuVEkDfubBUdrN\r\nJEhCEgryarHFwpUPVe3ur0S73K/hN/EVZlwIUHRCJym9rvWbwhmChjYk5iALI1XN\r\n2QIDAQAB\r\n-----END PUBLIC KEY-----\r\n', '-----BEGIN RSA PRIVATE KEY-----\r\nMIIEpAIBAAKCAQEA9dWNZ3Ud9mQedOLNn1EG90iZh16btbWZfxtylKWIa7ik80tk\r\nUTBKTgDxYg8FwOHEvNAD+nimJ1zYubphkFR077d2Qk0t1Jgc9Q//XMbF279ph/gv\r\n/gzL60wJ2neL/REPcqIJ7ajM8dxWw/2vxeDBAxnaKRjvxQ7VBqQXtTfys7RjfV5t\r\ndIPd0Eq27EhoK9s5ZthAtxfz9RDAo1DyHo29c9KGSNfpj8UgQraQ1F0FdArHT9mZ\r\n6R37RWlTFgaCuf3uO7Z37NmuVEkDfubBUdrNJEhCEgryarHFwpUPVe3ur0S73K/h\r\nN/EVZlwIUHRCJym9rvWbwhmChjYk5iALI1XN2QIDAQABAoIBAAaGhMaBYrpYucC9\r\nSPtAw7wyaIXh/mTeRUztEfdtZe/DEtjU8Fyh2SUVLBMf5jWSoJ3o8SQXygRLOAMF\r\nFiQmQ8TdtDVKFmx5XbJpGmyQZ63fuLnH3iFCnnKYXf4XNIdzCZuPvs74zzjf0gtJ\r\ni34Hi2QNTn/PBkVPMZsnpav1KFt6AeSPcYNZu9tjnySa4tRQ/azSZXTDoTBi2f3f\r\nrz/Rk1w+sAcqQX48mYLRlp3WOZv/z0hx25BrBeva+9U5Tz+i5h5wAG53N4G/Lfrl\r\nasdDpoNvHMVStZxiE3pDwnMymGBmCjNtUeeYOedFVBWmAXtV7OmCZo6z2TC5DtrC\r\nYXpb0rECgYEA9nR9mitiAWwl2835rey1t0cnpAhA3g2h/uFCjxS66iAo+O+CYqJS\r\n55RRxr85rgRKd4Bbb3t8ZAk25rWqNG7j0kV4baKv8hkQ/osRZeSws4UruWUBFVXm\r\ncqbeM0oknY2TCy0z6ze+PujUhCp3M6KX2DvLBNlbWqNCgTWlQidYIrECgYEA/1rn\r\n/Q3BIQpvkhzsdDTVyWA6BFBaHk7g/OtTlpkzIe+IU+x8vWVBjJd++YPqkJfFkWMg\r\nf44yDNUXAX2bDfAi9NLQji9bwTQJK9ikh7Z1rhwtaJYoiZLhmlHHRdvqoyehKDOA\r\nGyu4QWH+vE+e93lhktSFSMV5uYHmsk2ljgfZF6kCgYEA9fN9IW0oClleUsR05sBy\r\n/GvzQHzIF5ItV4p//QBoJJxhp0SGr15lNBzNm3Vc37ACjM248kGe+spDUux65oa/\r\nrymLLIaN5iJj1lL80t3uBcnhv8vvz9YA++xRlYfpkJ4n36CFzri7kFaVNyyV9x7N\r\nQIszaSxtQb/p776UpLdU+pECgYBUnPbKL0iTfjXCILtpNiiw9aXD0CxMZq6+n+uu\r\nt0zuLcTqqi4bQ/YYdAqq+z86clARANu/6IpFHkblQ42hbLTokwJwWtj4iBmR4dOC\r\n9L7B1qxlP3xnObhvvjFdwKVbMsJ/47DLUA1Z/PK/y1JNhncChFE179mJ0rVy16/I\r\nBGm3IQKBgQDrV20k/oEv6OUiO3Uxfv28rk33AMgTvJKr+kCcYF/gpRE3NE8hz1yI\r\njKqMUINYrkYYfmuhDSHSBZ0/DOdnrQbkLBm8/eymp7nFWijOT90/M7RqWHyrim5L\r\nEDrLUkG9TVFyGvFOFuhzmXJppOwfCOq56eYVlMSCORrSnAfR1WfY/g==\r\n-----END RSA PRIVATE KEY-----\r\n'),
(5, '-----BEGIN PUBLIC KEY-----\r\nMIIBIjANBgkqhkiG9w0BAQEFAAOCAQ8AMIIBCgKCAQEAvtmuULL220wEdSt5n3xa\r\nFErmS3TjufN3s0x9p2noCdvLMADVOvSz8HW1j84nDx69/BVWPgPsYEba9ZrMXjao\r\nnOSbipuCuqm+0gmkrf2b7nCL2+sVeEYN6FV1iyuPPABokXlWA/WZim4YDiOZLOo2\r\ncMLTL2a2bRSxOU9uy7hDqYhtBRM4488YRYKD52+/Y9NHBltusP67St5pkZzFaujF\r\n3pq8fYeFynBb3reFLZacx7WVNDbTaNhlkHovQ9w+eLMMknc/vUhYvQ2Epn0egbs+\r\nmwhjdTZ1ZW/3SaQukfw05TJetHHNE8glk8Cb/FlSU4aRPircicu7LEcOe+Mq7SQN\r\nUQIDAQAB\r\n-----END PUBLIC KEY-----\r\n', '-----BEGIN RSA PRIVATE KEY-----\r\nMIIEpQIBAAKCAQEAvtmuULL220wEdSt5n3xaFErmS3TjufN3s0x9p2noCdvLMADV\r\nOvSz8HW1j84nDx69/BVWPgPsYEba9ZrMXjaonOSbipuCuqm+0gmkrf2b7nCL2+sV\r\neEYN6FV1iyuPPABokXlWA/WZim4YDiOZLOo2cMLTL2a2bRSxOU9uy7hDqYhtBRM4\r\n488YRYKD52+/Y9NHBltusP67St5pkZzFaujF3pq8fYeFynBb3reFLZacx7WVNDbT\r\naNhlkHovQ9w+eLMMknc/vUhYvQ2Epn0egbs+mwhjdTZ1ZW/3SaQukfw05TJetHHN\r\nE8glk8Cb/FlSU4aRPircicu7LEcOe+Mq7SQNUQIDAQABAoIBAA3IcMNZOWS7B7Ni\r\nkWUIOQUwJ5OZfHzIbYOgaY62olBb9D+iP8QDOh+KkLMzAzUfVj8nV1QhOmf1lgiY\r\nxlujfOffxq/q7TUH30UR9zetkh5VOHSIdMN747M8wMFtQunlaaff6GteyFjr/IbA\r\n4WYSAB6Co3fP5irYjLgD2Y+S3igXFvyzoy3KU7acFiGpEYN9yLP5wR7zCYOcuhi3\r\ny11bSbgDzoyEi4il0KRnnGfXxPJDcpNzP2ojPiAfXxBID0/3KgjWuvHSS9yYIMWx\r\nDdzdv3Zax7qZ1YwTivNdoDq6bYx9I9MXNjuJmUFwxzABKVkSRQYuxWOqo0DTC6TN\r\nygCaujECgYEA/A7qaE+T7Wk4ZLEov+X2pTlwJw+5YwBmdR1PcUeNzEOclBVsviYI\r\nsDHHNXbjpiJWIglaopw1HucxnnfSc6yxiWZxXzEb/TH/fg6cdTvq3ceN2ZmHac5K\r\nxjvrc+8tAF6RJimjtQM3B03j817i6AJnuZW3mFmZaSrHdVvoz+CdBE0CgYEAwdW6\r\nDGCoWDCfwfo6foPLo0YbMmOn3mURJhVUMYNvXLuiOzY659B308wUc9/L9rLD9GPT\r\nHHD6BPpxckGC6vpjTdc5psBa/7UHIv/YP19BrOw87WoDhfFp77hI800m6+PJZDus\r\nADmu4MW5k1DooXlv3I46fyzJnBT0PcckOwHi/xUCgYEA9I38PMzI99XZE0kYAmg6\r\nkEBUYnHNKxMeVY7kn0IPgBoxdzP6V9tLHriNUYBSi8RQ0aFFwPPSTnN+HwSeugDa\r\nGDe+098wCs9R1pqSjuRdkmSlanSdf7jZr9A/ODLc9LjMF7zayyudXobiHiT3/qcm\r\nwFdU1IpKYFFTSLit/9MsRRkCgYEAr3ZGNUAmA7b4VwKpgq7RXtpuch2t7u50KJI0\r\nJaIB4+LiB1Ge3wth/TKG7SGQI6BNK+RVTTCj0m/W1AOjfAvuap9CS8ViWojHjhIk\r\n8bDL5bnvqUZHLC+Noveh6cRUUEJhor81gvq0aDn0M/uQqeMgtHl3UHn9grGhKm8j\r\nR9r8XcUCgYEAt64T3Fv8JnDJcfDXv82/XuLkZy0QmZEUowL0jdo19CIgu5/in0CF\r\nlE/Z57Vz//FR6Zy3p+YpTyguw9TA3FkVlGono/AFHC5gURIuKb3UHsJzkEMQPERx\r\nzCabH/2O4kvc1Tb7vKpE2m/qnIkYV99UKFlNYdzBcNIgJFDzBEjYXe4=\r\n-----END RSA PRIVATE KEY-----\r\n'),
(6, '-----BEGIN PUBLIC KEY-----\r\nMIIBIjANBgkqhkiG9w0BAQEFAAOCAQ8AMIIBCgKCAQEAlU6R0L7nRvgQIAnGFHlX\r\nqpFwixp3mWLil4PFph2xGVaOWYWa7ylSXOlocohe4FxQfngJxXA276JUD08KaN3L\r\n/+/249/XN4PeKmpLsi8WBVlmkx+Flrzx5J0urxyBKREHMfCc0C+PYOQ8JIz9AxAX\r\n/32SMwyV+z6TkfkP4T1xeHCIBl580yN7DbWxKncg94Li+OEhqRyAQmwV4bz0sDUq\r\n7/bxiiQx803VD47gHh4jtBXWfVMChQA2yb9VfBqnF6aaoHAR1diSMGJpisCY18w3\r\nXAFvGmjQFxR70sRrFyTOla1eEp4XQApnGVrVVf55mulqm5ohoHaC14gBnfN6SvWp\r\nIwIDAQAB\r\n-----END PUBLIC KEY-----\r\n', '-----BEGIN RSA PRIVATE KEY-----\r\nMIIEogIBAAKCAQEAlU6R0L7nRvgQIAnGFHlXqpFwixp3mWLil4PFph2xGVaOWYWa\r\n7ylSXOlocohe4FxQfngJxXA276JUD08KaN3L/+/249/XN4PeKmpLsi8WBVlmkx+F\r\nlrzx5J0urxyBKREHMfCc0C+PYOQ8JIz9AxAX/32SMwyV+z6TkfkP4T1xeHCIBl58\r\n0yN7DbWxKncg94Li+OEhqRyAQmwV4bz0sDUq7/bxiiQx803VD47gHh4jtBXWfVMC\r\nhQA2yb9VfBqnF6aaoHAR1diSMGJpisCY18w3XAFvGmjQFxR70sRrFyTOla1eEp4X\r\nQApnGVrVVf55mulqm5ohoHaC14gBnfN6SvWpIwIDAQABAoIBABPGEZKzTb786GnN\r\n0ZFxlpYs59pMWY2TZo4JchozcXp5F6Yshx3oe5N5iA8vF12gbDqrnCOtXmEzPu2+\r\nGpNT2IofVjPMt9yO1tQIOtkw2jpAIlEWyiLyCBkuZfnkDQkKy8il5Ka/vb3nzD1M\r\n/M80iPEZyMyA/LYHDhU1hpBeilIYZWIIei20jYkn9NCDocsR34d0/SeDHoiexuUP\r\n/34kFFQQ0kYj62QzdkyiOEY+4iiwG5KNyveqUKZasjemrHHiqzjA9tMDB0lMZlrj\r\n8mgXinATB2RBIENcWw7TlfxW9TUpbyDUK4Myg9+4YgjS2vsVNw5qt+YevKfIpE0a\r\ntSqaIbkCgYEAvKmUzme3EhrWnsVWj5EXgzxy+mw3dChtBkthO7+kBDHJuBWbI+MC\r\nIkqfLJihzAAeoNAcIqn+p577jCPOqEGA+ykruEZwL3lluL4h4Lo1yiAMIiOIqARj\r\nz/7R6pYww+zgy3RLr4dbI+oYXGtf44uoQ3uIbekEqKqxtZzSg+751KkCgYEAypkB\r\na5Q8yJRTeVFlk6K/AOaMXg3MWBKzs4YrN3QYzHwLgHrTqTtvpwcMX3ZZqNdOqzVl\r\nUDeU9wNhCS0XF/5rMq0444maBDu81HMu0mx82pUuUKhYYHPi/eCFxmTRIhbmItrd\r\nq2LpuBDE65YL4obSEkTAp+ESlzirpRnUk935IusCgYAeT1xh4NXPqdIrRecHP7c4\r\nVWDfjL1IAyqo5Tlk4QAX0GvpEEeRd2ojWjvCbW8pGCfTjDvI8ejAw1EEjcgozgVL\r\n1Kx6eY6Sgf1utdU5hpEXvRhV78GHxNTIWNceyixhfdALv85dD/D7jyOEzZdlNk29\r\nMb6UcehWtL3CQMStf5pRqQKBgCz+nDUjP/igEIXiEPgf7eGqUkRVNivdQ3G8e36e\r\nVx+a8QcAwF9WZu6mfxX4d+MqpjsZ6b1OCtRtOLDMBdP7Wh1wITFPjxgfmElqp1xu\r\nYbA974JUUQRi2Gff5HXyUAwNH+Ff0FlO529Msh9MPKl7nc4W3N6r+vAA0wYg3XhV\r\nlQ4vAoGACLI7UGI6/DqEIETQVA5zlWln8bbC8NUthxHQdSTOYJgpCndDYt7ySvD4\r\nQuPUyGs5B0nkvPNplOFItFXM9zmBxUqggRc/QtFMcPjA81WOHP8qaJ60NycfiRTj\r\nC2bga5WdAwS9S/oo5zk0jjCfhKzO2Rxg0J4WtnwS2UInaakGLb8=\r\n-----END RSA PRIVATE KEY-----\r\n'),
(7, '-----BEGIN PUBLIC KEY-----\r\nMIIBIjANBgkqhkiG9w0BAQEFAAOCAQ8AMIIBCgKCAQEAtp7vtFfchM9a7SiEAy6C\r\n7UvArP9h1mHKk6j6lMJFSo0sieyTqwBSij+utR9XqP8I8/lq1wQAjXHhaBmkikfH\r\nZAlb7DI7NqKAcR6/r/n8vACfjJlmZYih6tt16BB+ZlP0BJRPXdNPwyW3zrncrXA7\r\nA5qDxgpz+PrJ2nexYLkO1I8k8zoQAG3atIOcHgA+WhJGWqfy5FORghyHwlpf+L/d\r\n7BAyDK9nYN5Wu+KCoX2VFOUgYyqZpDcB88ZFJOL6F99SNyLgMq1ugaI63dsUWakP\r\nYVLg0eIDEIcLGvNa/hJqzfbLji/96mhLcGFRieZf9zm31wtZnG9NWn1Ne+OirHwq\r\ncQIDAQAB\r\n-----END PUBLIC KEY-----\r\n', '-----BEGIN RSA PRIVATE KEY-----\r\nMIIEowIBAAKCAQEAtp7vtFfchM9a7SiEAy6C7UvArP9h1mHKk6j6lMJFSo0sieyT\r\nqwBSij+utR9XqP8I8/lq1wQAjXHhaBmkikfHZAlb7DI7NqKAcR6/r/n8vACfjJlm\r\nZYih6tt16BB+ZlP0BJRPXdNPwyW3zrncrXA7A5qDxgpz+PrJ2nexYLkO1I8k8zoQ\r\nAG3atIOcHgA+WhJGWqfy5FORghyHwlpf+L/d7BAyDK9nYN5Wu+KCoX2VFOUgYyqZ\r\npDcB88ZFJOL6F99SNyLgMq1ugaI63dsUWakPYVLg0eIDEIcLGvNa/hJqzfbLji/9\r\n6mhLcGFRieZf9zm31wtZnG9NWn1Ne+OirHwqcQIDAQABAoIBAAzTjuxwu1lMowtD\r\nLDp4+tMl3euIqFuBVNQYKzllh65bygQJ7Lk29ZUmMeQgxmxlNUDFhN6DNnK4y+ce\r\n3fKkZfm9uooVYRlOQo0vZrE6cqjVtl8OqyV4ej7fmSFqfyY6wUnNDOH/JHwFWyqW\r\n3UwFNO/k21p+g3S6UJEalQfBF6yQHqPWB2yKN0ilFEclbPEhJshMTnJcbPK15Cpd\r\no7knMYG18ROqXwAJu2r0npog70Cux6F3OY1KAGbspDMYVi/5BcdSDY27MPgKSO8Y\r\nsxuTMvIDY/ldjxuy4TBQIXsfZiHJXPFlo8Q4+sQayci1l6o/VwEYZHL3AS06dkF5\r\nYWOh4cECgYEA9EglRZDdQpp5B7aFk/Eqt3IBNLd5IFx2Zhek/epSUEH0Na+3ts55\r\n5/xvQhUpUGhHazUaS7K+WMVOBUiOG+x3HBPVVEfQOqsUf5TuNIj2eyIkIILoZxZ5\r\nDhEYCYf3XR/aENtlZBy7A+8GZ+Yw4rYOXjUWly2novtMcEzhsQQ6gakCgYEAv2GT\r\nTW9rAfJPtu3dGdVLcwUtZzXew0jAY5ztN2kWJOOz1Dr2GHCJgMjnH+pmxGPB5XDd\r\nzeMJOUlUbQkSjtgVMNXW3oTg8ggX4gcm7QlaZiEhoGYGpxXrPBih/Vsjfi5Hg1F8\r\nnkKmt59NIEhBZeegoUweYrKpZxBKwQun9w0g74kCgYAbScfoGoOtAgaNJwWK/kDQ\r\nV0rtMaW1SL7tLqz+tGNXldaK/MMgB7a0hI2FK0n/Mnbv8fGrDR+YWQobKvy8/9Ba\r\ncZi+HnuTYjMbAW8OrVIjdS/l9dmyUl9Zg+1UezzVyU4Z3fhYk6EMknH7v0osuTun\r\nqHSKlM4KNdpXHS+FD7zdaQKBgQCmkjXUMwKPCijpjbRgNK5bqQjwiQmfLOYOjVpG\r\nXReh+fHd6Yeik+iKB9Jqi+jwS+dKXOcguNehXbq2wCu/2kDvZV+EA2GKJxMqbpEp\r\nxHdC5tlOsx5dNQ2uG756NmX5ACzMFhOB538V2PgW/ey11lmPqiHUQ65//sUhqpSB\r\nyZJ+CQKBgHvqENj25Od0umYaBSXwLz1ellAhmKh4irOW+WzBZhT/+WAETSvpu97m\r\ndKO/vHRm70I5qNhUf0jnlIJl8dperAG1I/qildQQCTeBIUD9GW4at73bOH/1tMIk\r\nfCtzDlZHrbyERK3kf4kV9XWQX89DTBjeTLYPggrmeMGXDwbaNrjE\r\n-----END RSA PRIVATE KEY-----\r\n'),
(8, '-----BEGIN PUBLIC KEY-----\r\nMIIBIjANBgkqhkiG9w0BAQEFAAOCAQ8AMIIBCgKCAQEAoMg5W3tt7N2LNB369RwW\r\ntL9e+V3fEMB9Uo1RDRSFn+G8JW88iSW35lGIxIjZa6e4fvUjOm85NrijCR5XFZ9L\r\npzt6uIoim+s4dKofnGCs2Qo7TrZyLskq0AjUbiNvLjcpHpmrBE99p56Zh6Gi572M\r\nzU0VPPTFj3xOyOL5Krm1utFke2j9n3pWX5Vbq48Dg0SU1CUPei204c0X3oZW76k4\r\nbvuuwQAyiyhdVuX1d82KosKtUrtMi5zJbALSNOyI10krhohRgolcONCRiC8VbSXD\r\n3RQwaudLatzUR3S85L9VWH0UQEQprUoW4t3FEGP9OUnqLomgIPaWJvZSQtShElh/\r\nVQIDAQAB\r\n-----END PUBLIC KEY-----\r\n', '-----BEGIN RSA PRIVATE KEY-----\r\nMIIEowIBAAKCAQEAoMg5W3tt7N2LNB369RwWtL9e+V3fEMB9Uo1RDRSFn+G8JW88\r\niSW35lGIxIjZa6e4fvUjOm85NrijCR5XFZ9Lpzt6uIoim+s4dKofnGCs2Qo7TrZy\r\nLskq0AjUbiNvLjcpHpmrBE99p56Zh6Gi572MzU0VPPTFj3xOyOL5Krm1utFke2j9\r\nn3pWX5Vbq48Dg0SU1CUPei204c0X3oZW76k4bvuuwQAyiyhdVuX1d82KosKtUrtM\r\ni5zJbALSNOyI10krhohRgolcONCRiC8VbSXD3RQwaudLatzUR3S85L9VWH0UQEQp\r\nrUoW4t3FEGP9OUnqLomgIPaWJvZSQtShElh/VQIDAQABAoIBABsTRKdtbGg+MZYr\r\n80op+f/jly6Gmo0TYTdQ4WSCv3LaXGjwZ8EPtz2DnvS7t+NbaeQFS3KobrnSk2/y\r\nakdTnTWS/FpNtsDLdmUdDfgzRoBBKxYY/rb2vO0uA3ntoSgm9Vd4GLa/3SDoQiH3\r\nO/vq7WZYM/qhHJDKZekJ4dxKTDpiipfvpRJHu+xQBAcjy8vpObowWLbHlh7BEfeh\r\n44lymJQTWkMWq1fDeGK/peIVuc5cxIh4gXgiM8tkjbr6qI9ARG38z8FMri5s4CD0\r\njjFXmCEAUhjkUqbZnJO2JfN99PB5oa/OM5eq7X+2IoSdcQOdzf/9HQWuRUqkSTQ+\r\ntoOV7SkCgYEA2f1B5XoXjkMd3zT6v0nxmSFvl8LuXctomRurQN5oguR3ZNTO0sbS\r\n3pGgfd+EUGSMizoXl3Nm//WoAiG01U+bTMnIF7a+EfJI83KJ3ocKf/qKLdtWRpZV\r\nvRaw+JEq1UL/edEQw6bnefet/Pqdd8qHvgk2hSBVxZbIx5gv3Gk9UBkCgYEAvNFR\r\nRVKSKUMPnHKALhQJHgHjPfFKBj8OmZg0/DsDvLLunNnIS+gbYpIHrM0/FmQfw0ah\r\nijl/o8oS2uU3VEnEOiLoU5Z3o5QpHVZmOjB2Gj1UnZyHfW9tJy1EuQ4+Iufy6irS\r\nGqVWWBSbNzT1QMC+gTYcPX6K3CzKp1eeyIn9YJ0CgYEAwDAczOjbo71gtM3M1KGo\r\ns81ayX4/EcqoKXTPg52SnvQ2n1tQDVzlxPy3dsJ9sTM1BfrtmcVQ5hH7UgXNnNNW\r\npFiyZNXktYXa82fkTaDZjQOil9NtOUaJyPAcjsnN7b/n5cqA8T5RjqLjbsq10ktp\r\nag5NVwmvFUlfMznl2HmgaOECgYBo4smHfZ+thhAE8uHbNsv9vES0IvXg1GRS0+cS\r\n+eFQkADWZm/KIqwbrEzRI85YrNOsEO8pLlmF7Xld2RhMHRIAzWVLEXlyB5pzLoxo\r\n5ISmfM0lJE9rUVtL+OyE87F2iGw6wgCmRpPZJ9E08JkQGEF620kCq+mM9uC35odQ\r\nlL6ITQKBgCwlPtirp+AAnkXbqno59mO1NQWceIXIRWS1hWk6zOLmtdeS3Y7H2Pom\r\n4yETQgaa5rOsdHdUpdxEOJ2f4md9mo5JMQWsLT+vLmUyGmXBThz3HK3G7WzipmHi\r\ngIgqNC65QYewpu604NLCiGFpUNSel38qhefBKL36hv+tN/uG1DMQ\r\n-----END RSA PRIVATE KEY-----\r\n'),
(9, '-----BEGIN PUBLIC KEY-----\r\nMIIBIjANBgkqhkiG9w0BAQEFAAOCAQ8AMIIBCgKCAQEAzh7Ppyz/+6MDDunXawK8\r\nbH7EbQK/WPUTVJqvEezGvk2QtYBmi6QAp4gjj80TrE11F86jaWXETPZdfJMgEccx\r\n8VlGCeP/VMrGgc+aOUWzZukofl/2kcJWL/lD10n2TvGQikO1n4A2VeI4vgZSyfYR\r\nW3GPseXoAsREZFLlVvFmzc+Ck1YOSEJzgU3pcnsPkENeTQtMcOyvADYYwMDWpzZh\r\nTNodflbp1OT+HQncXEKmFGhGMJQTnHEOvHlb834orckAEqstWj2G/Qr0sTcpRGPb\r\nwJfLd4xjWeiXkAaGnxDzNBRyf1e22G6c8x511B3KOp1bHmKwbefgYN8RRm47RQQ3\r\nTQIDAQAB\r\n-----END PUBLIC KEY-----\r\n', '-----BEGIN RSA PRIVATE KEY-----\r\nMIIEogIBAAKCAQEAzh7Ppyz/+6MDDunXawK8bH7EbQK/WPUTVJqvEezGvk2QtYBm\r\ni6QAp4gjj80TrE11F86jaWXETPZdfJMgEccx8VlGCeP/VMrGgc+aOUWzZukofl/2\r\nkcJWL/lD10n2TvGQikO1n4A2VeI4vgZSyfYRW3GPseXoAsREZFLlVvFmzc+Ck1YO\r\nSEJzgU3pcnsPkENeTQtMcOyvADYYwMDWpzZhTNodflbp1OT+HQncXEKmFGhGMJQT\r\nnHEOvHlb834orckAEqstWj2G/Qr0sTcpRGPbwJfLd4xjWeiXkAaGnxDzNBRyf1e2\r\n2G6c8x511B3KOp1bHmKwbefgYN8RRm47RQQ3TQIDAQABAoIBACO1N8Ec7R3RYDLB\r\ntQV/XFgpX+sIqlCFaHtkLscar1WBh3vCCkHPwCNF1O9RFkLnyky9Chc0v5ybo5d0\r\nv34E9bR7hEQrYOz2EgykA/I/DnTaGJ9IDaWzto2qD6Qo1ohXlfQ2Ba1jn0YiojTd\r\nUJNXUyt10XB+xUJRcQ22RK/aszYdGJllIQJFLi4GCbfbInVypX8s4MsTI4Zh+fwG\r\nBwN48JQ8vZGD8hC12S+Y7Cya0DKEwcxONl0Hrl0qT0DnX//ukrLxJ96DLvTUc5FN\r\nBlmKmATfSQ9TME8PU3t2PNHSu1Dxh6Q9zqPsZzDUQBya8fp6auRVN9q6CX8I05gE\r\njNanDDsCgYEA1n70ALEAKYLHj1DvybOw+nk8n6DtTBX0enZRzkIFloEUoTekM+YX\r\n1q/BhD4IbpzlZUZV2y5oOnxjru6oT2UWr0JaCb8MCF2iErv2I/GMOPYl1vofsQjU\r\nB78WvN/V0TPQwdgEBz+D3BRYFulsAzkEVin37o5a1R8JZNiDDS8P66cCgYEA9gD5\r\nqFF6wwzquDRDJUn78z+oY5mOhQHgHKxFDCCClZQU5395UuuoagkFHGMzzmKZUW2+\r\nT/y06EyPptX9HlSlOTpi9NONGNcYJsToo9ue1fnM8xEhtbRhEQtPDCk9Ym2mFo2/\r\nScawTl2b/jBJtGT9/iO7VCqpQgZhGM91ZFT6k+sCgYAl1AHoVU74Ay56ogWIBv7B\r\nTbxZUqJG9uBE8LUAsTgXEPC4df2pgXzWyexRDDekelsif0MJAqgzGFjkMwbP6b4U\r\nbpk+esj+eLTqpOeF80WNjiuiPD52lF4Ad7zk1nz5BjBc32HmfVcd6yCV+diowNd4\r\n8rHdCpIOYAjiFiUWoCQopQKBgBKWkEa/oV8LotC4Yjp3FKqUrMyZ1cMHGUARZEY+\r\nTp+uyMWVRD2XwOoCNHiopkl5+cvFVxQELEdBQbmBgdbA3pssZj3Jnme6GQEU798x\r\nwRa6AVp8eOeZ8ZuwFxD8LL87OcmKfGG+uaOyPw895tPSrb5+RLFfZ9qtULjnNB+Y\r\nrDZxAoGACbrOTE7ETVAGQaPzQKpcBFPDBQiWiMVtRMtV4+zXRjZG2tIj3O1f/1Eb\r\ntJqFCKdFHm1xMkTO7/VJaL47u6/GoSPN6KUxeiriMqgvAOjViCB9f6m+xee9oEGu\r\nWd2NSIr+RLc1+StcqoZiOY0F7kHziup938sC6IAu0M/hCL0EB+o=\r\n-----END RSA PRIVATE KEY-----\r\n'),
(10, '-----BEGIN PUBLIC KEY-----\r\nMIIBIjANBgkqhkiG9w0BAQEFAAOCAQ8AMIIBCgKCAQEAsgsp8v5YRADYqRMHDPDn\r\nxCDPdMyGj+Oa0R0rt8o0UVTazv348QR4M6t1ohhQWw2ngVpRipsyYr/gqLwz1Ina\r\nJQPhsm4bP0jydu2B0WlWa4+2fi4qVkhWIaSwT8APCN70/OlxsAReLU3/7Att7bvW\r\nTRvtV8ojCe9rlYXcpB+fP7sYJQNfstPEbgoFRp5LKr0C4sY3CGs0CEALO7fcha6L\r\nHhXdPifgnQm2BJNWlGvSJDH5zsvrW9g7K6J8GK/8fvKCx0eNTphC9H0bYrKheW1+\r\n0inRpBkSkDON5OKwG/DEbju5p0S6tLXVDAZn/9AG+O6k9Uv2byV1H/2YFzDMGzSP\r\nTwIDAQAB\r\n-----END PUBLIC KEY-----\r\n', '-----BEGIN RSA PRIVATE KEY-----\r\nMIIEpAIBAAKCAQEAsgsp8v5YRADYqRMHDPDnxCDPdMyGj+Oa0R0rt8o0UVTazv34\r\n8QR4M6t1ohhQWw2ngVpRipsyYr/gqLwz1InaJQPhsm4bP0jydu2B0WlWa4+2fi4q\r\nVkhWIaSwT8APCN70/OlxsAReLU3/7Att7bvWTRvtV8ojCe9rlYXcpB+fP7sYJQNf\r\nstPEbgoFRp5LKr0C4sY3CGs0CEALO7fcha6LHhXdPifgnQm2BJNWlGvSJDH5zsvr\r\nW9g7K6J8GK/8fvKCx0eNTphC9H0bYrKheW1+0inRpBkSkDON5OKwG/DEbju5p0S6\r\ntLXVDAZn/9AG+O6k9Uv2byV1H/2YFzDMGzSPTwIDAQABAoIBAAn6eDJnMNk21u26\r\n5EVEZyjl0dqw78W2suGPafjV+1Knl8/MChyv7HCw5lncVPyValLklfdXtV41dMjg\r\nK2N5CmHSst6GLz6/vt8Ndp4e8jn7BvZRbgwB59ng2gTONcmAfWiDSNzdkc2mNnar\r\nOVD+mwcdTpMCAC65XWU26GPGZe1zXdSHpVVO6di3FCXbMlj4c49cHD8ca1URB2Oq\r\n/sk8xUHevKunCeJ/FjdxjyksuRBj2vqPohIiPk9fQmtpD4BeqbyenFDSZAaVpjQg\r\nOSHnzp9OKOMmwRzKym9qEt7XsoQqjZrgZQElr2nRUh/QeZ47VWukA80WgoNh+xN7\r\ncQXuYoECgYEAvqWUKIi++aXNy3VuQejofkQ07RaGh+FzMQZoxL34j1ne18G6aD6c\r\n3dvVh2nj1nIrhCVk4WCNfyVt3O/lcDUw8yx90SHrzfarWKwZcwJdJ68XCb90lFEd\r\n9Mg7XMEPn6CTr7s7evqLR4nxaaymmEF8cud7aViAfWH9TE9TDu9qwsECgYEA7xOU\r\nKjQrko/a3hlws5Y/iXET7hFZqgbaezs02tkYtfROiqbBI8nDAsb4l5DbC9uARAID\r\n9FJkbAm4b0zKn7QsVJ7gQIAfVF/oJfqGItEMQtjcQ4PtTxe2PFRyMi9HXYv/CZz/\r\ntWi2DHZkLJhCogjbQRxIDVNCgzcII8/GkGYqpg8CgYAPhP0dm5woSHYLRQD3vpUG\r\niljgn//Nme29pO7sbSaJzOAWIkAhck9kxBuKzXTtpRejx0OCEVETc6GQ5bqAuuPE\r\nN+/6EU/X0We7bS8ZLK0WqOswMPS1ijDtF0u1zkWOUg0TtiMubKzf4vvTBWn+ZP5T\r\ngEKMnda/3jU3fBGf2p+PQQKBgQCy+t5WRh5Ep6t70GHeIGJKm7wG4zhUILNZxDZK\r\njHKCbXaLOFGpYDe9EYYzub8y/k3lG/kn5LLHavOHZ17d9r2lUBekUgaiXPZn0Eix\r\nMf1S4hTr+o0jRCYqvjGLvndX4iG5aa7Jea2oYM2X0Rk5QxYZhXmveCB4KS/P15HY\r\nspPFIwKBgQCC5ffj/pjm7oI6Npdj86ZAKGg2f81Mjo4aoxWuTwoaoHT/cWfcroUA\r\nDKQ4nIrQaEnsFKUsheGi9C2GL2AAGJYfSwQu6K+JV/18ciGgzaMCtDEC3m5yuYH1\r\n8cMWjOVmyR7v1QVFGdgdMCaihGaVVYDUrHcmnJSSFhNtqIooQq0/2Q==\r\n-----END RSA PRIVATE KEY-----\r\n'),
(11, '-----BEGIN PUBLIC KEY-----\r\nMIIBIjANBgkqhkiG9w0BAQEFAAOCAQ8AMIIBCgKCAQEApsRuBQKFUR0EVZJBfY1g\r\n0gME9vgCom/7jxb2NzqZJAt2eu/AiA64O06O6XAbxghMKGr12nDVyoJiEXwTQ4Os\r\nTuwJx6NQMp3GLpXEhI8ETzr/9aAInIi8FJlmZi6fMdnc6T15TwwOE6iU5Y+J4SKi\r\n5aD0ZOimy2Q6vDmpLaZoj2OKdrxqBLCLK3lL6gf803602pUBpj303Cnubi5JfRFD\r\nwNbgsxOU1NHCqovH/nl+WCesOf+rMIMf9m9ngHAVZ/tFcIzZL7OuEUAuItL168VL\r\nJUJg2vLC3+ioSLlbWn9CamkSpGL6RxTZrAAhW7DYHz5C+G5TBprerdQa/OUTPX0l\r\nPQIDAQAB\r\n-----END PUBLIC KEY-----\r\n', '-----BEGIN RSA PRIVATE KEY-----\r\nMIIEpQIBAAKCAQEApsRuBQKFUR0EVZJBfY1g0gME9vgCom/7jxb2NzqZJAt2eu/A\r\niA64O06O6XAbxghMKGr12nDVyoJiEXwTQ4OsTuwJx6NQMp3GLpXEhI8ETzr/9aAI\r\nnIi8FJlmZi6fMdnc6T15TwwOE6iU5Y+J4SKi5aD0ZOimy2Q6vDmpLaZoj2OKdrxq\r\nBLCLK3lL6gf803602pUBpj303Cnubi5JfRFDwNbgsxOU1NHCqovH/nl+WCesOf+r\r\nMIMf9m9ngHAVZ/tFcIzZL7OuEUAuItL168VLJUJg2vLC3+ioSLlbWn9CamkSpGL6\r\nRxTZrAAhW7DYHz5C+G5TBprerdQa/OUTPX0lPQIDAQABAoIBAChgUh/Z5KPHIfvC\r\n2aLXhjvKmdreoKqp8K7L+ShVgmrg8JpirktyvuWzBzRbHYpUi3XUsbolzAlICIzh\r\nrLtRp7gC+3ovnvTmUKuKPMZ4Zut05jBWwwb9LwZQvqNaQdZcwFjjNpnuGgFl9Ujg\r\nOBp/W4+7qLg+wNVpKrRURJLmIZYnd8Y2B2OI9ZTBmu6t9VovRCP1dipx0kanFeco\r\nZJuJ8WNd+wIDImdhET5BimQIP6UBwcFyj70Mk6v0uute2YMS8pjlt6Aoc8gxUblQ\r\nBk3xSCLfznbmmS3fCJUP4Ki3HOFHUVdifsXvKL07wwutBoq43O6VqQTIaGvgn6V4\r\nFMMDSQECgYEA41MPb/F7zVx2N0a+Soee63NeaM4ECK4mimP5wVk/vR7zqhy75Tbp\r\nHc9xaCcckifwOyZL06oa4thndADEuhfl/50wp+po9atPiptLA2ghek5fETLziVwz\r\nd4Hz+Qrh9utLuThTEeQb31+I+DhPkMfG4d86swkeE5jduw0ddZXmYwECgYEAu83P\r\neC0elGfaaHwmHeQK9KiQ3CYHKXHIH0T2x3l34RkWLZa3IJDUJeCOQ/wnbIVheF/O\r\nClAI9viFe5Dnb+J9jywzP5ZjMTr8ae/+aIafjyfr0gGkzRhuKG3+v5l5krBfRjxW\r\nN3GULsOCV0tNVW47lKewvctcWlV4CL1cntOtjj0CgYEA1TF1vd+04vE/MTIYjt9I\r\nTLsDJLlpkRZ6sLl4ZzujimN30+dk1GA+GqYNTse3hN8N7vtIi/bxhiO8Sk/aMEjv\r\nfF3YXvJ5g0UpsO1ZWZWUKBdOE1w8iGs/HWpz+/GX4DHl74yCY7oR5di8JUbyX+7s\r\nd7MaYwQ+/9QSxzVSlo+B5QECgYEAm/MipiOpcgjvR7ZYHJgiNNnJONZnOhYe3UBy\r\nQGBwmL4xOXge5278i9t1p6S6xBXaQ5Ai01N0rkje5yYD2VfVdc95WwMxqU7XDc1Z\r\nkEjCNKks3P26cQkpaG82jLoQRywoYXV3DqFFMLPvBzgjpp5b4WyCiohVTzoL7A36\r\n3HTgeO0CgYEAoeyisvKAoGYthuchnaDgjHPLjqDMdI7PFwBZwhk9FLnkS2OBlQmN\r\na6uDVRXc6NxLdkr/QhM21MyabaCFsU21JawYdoGH7daHRsCEG0CFVou7n1IixKaT\r\nKKLgZjRLqhgYjd9UAHMYbfzX9J+w5LWcxhLz+eo5BSVfDvWDmlRCaLk=\r\n-----END RSA PRIVATE KEY-----\r\n'),
(12, '-----BEGIN PUBLIC KEY-----\r\nMIIBIjANBgkqhkiG9w0BAQEFAAOCAQ8AMIIBCgKCAQEA4BbtbYazwg3089xBoUAt\r\nCaYqPSzSIgb2Erb2U3UkMgWdPZdZOP3UmmYg6lTuH10UkY9sJZfvC2c5/r/U5ACf\r\ncdQoBQtZVaO/tQPVzE+KmpL9Qm3YCA9sUDUtQ6rV59keAxPSrX8L484lUICeuPkB\r\ntjDAk+l01e6/gmXP2ls2d1q0avhLh7lTLbT+LYxZmHrxAy9pl+ac79CS/+pdyH6o\r\nBVk1PNIdL31fFNs2cJHypi+ftM3GS7Gxf982eZnP02ZE/LsaxLBVrQGsZoc8wLXn\r\nm+4MkfG6byokIMabV7YlTQKRMGo7OeKTT1nPvzcRrnZWICcU/s2zkRn9+Rp2NDjU\r\nRQIDAQAB\r\n-----END PUBLIC KEY-----\r\n', '-----BEGIN RSA PRIVATE KEY-----\r\nMIIEpQIBAAKCAQEA4BbtbYazwg3089xBoUAtCaYqPSzSIgb2Erb2U3UkMgWdPZdZ\r\nOP3UmmYg6lTuH10UkY9sJZfvC2c5/r/U5ACfcdQoBQtZVaO/tQPVzE+KmpL9Qm3Y\r\nCA9sUDUtQ6rV59keAxPSrX8L484lUICeuPkBtjDAk+l01e6/gmXP2ls2d1q0avhL\r\nh7lTLbT+LYxZmHrxAy9pl+ac79CS/+pdyH6oBVk1PNIdL31fFNs2cJHypi+ftM3G\r\nS7Gxf982eZnP02ZE/LsaxLBVrQGsZoc8wLXnm+4MkfG6byokIMabV7YlTQKRMGo7\r\nOeKTT1nPvzcRrnZWICcU/s2zkRn9+Rp2NDjURQIDAQABAoIBAAqfmPdriUuT6PmD\r\nnFqQ5eGyeTJSajmB6M9dJviGEeZ2L4IQkgKv6TuS8mYG4I1nlqv055dbqHyQUvvx\r\nq7MjGBanzGg60BbNhG8y2e34P7Wmw29ksOG8Rhys/LLxHyLBP1k9gBbIsloFIe3l\r\nqcCn+2MKqiKI+4iQgOSQFOZrkxLdiP4Gp/g6oTRh8y7lhDfdD6YlU+sIj0rikFoV\r\nBjcUon28y3UlSVCdRS7V2bq5tQzIzIg2+ZJ4x+I4EHF44fLRxI7sLMccfNgNvGup\r\n2boneLSk0Oe2RwPM5jbOtfVbFPg6CFO5dPwqj6/P00HzpUau2nraqvAohzbGozVl\r\neeQLE6kCgYEA6BRq0qfPynRph+90UwmWG66WhAZCe/YTTgZrNoEcARUPH9P7Md4i\r\nAl/tJkFg0hEhcvB52ajy/gfqthA2Eglh0xAyRzGMtP40fmJ8Epc7FMjiyJpOkMbE\r\ng847341Yx1NiZXZoOBM+15MqjFSpBFbpCv8+TZdKXRAtq5smx39x5a0CgYEA9y+u\r\n9b/mVv1M9A31KY1oh6QEFTZqfGm/v9Dyczuyh6bwhdhJ33Q3qqxDBA8Te6Gj5CkT\r\n9DT2mv8qaPsDSeiqNcI0Wm2JmO8iEHbXWl0gTvddj+hL6Ar96HiklZEN7ivqPbkM\r\n9e/LOGs1Sw5qcBvS/NyoqfK2I6ICxO/chN4aC/kCgYEAr2KWo+HLx20YP3F3kDVD\r\namITP2zXm4SIbEOvjD4f4rV+e4ggYjxDqVXDC1EHEVl+1LTk8Neb4twqxTIVGqZa\r\ndj3cMS9B7ZnaI9TbfNUrAfcaY40xaHm+EvmtB7Fy8ReT2aeU9SOeLx35XpmwLSZc\r\n8UGZXNvDh/bs/K3Ara0jbvUCgYEA7Pj0xbqEa88IsEyVRZHArZELLP7vFXkYEB+T\r\n3+9SV4QuwFI7eBLlryTYVpLRfcvX4EuVSqBf7vZDRUOnwnpge4tEP5EVwd03jgsw\r\np/vxlmLFesobw0iOZQkL2Cuo7DWDqkq25yxNajg1blBSsEmseyhcNhlujjiqaPz/\r\nLw3ycJkCgYEA1dpJvaVAIbj6LToMZIBwpjdfaYwKZ5WabQ3Hb6YteaQIHRD1imHt\r\nPrtEmq/ZY0F9pfUqH1i00rV4UOL7aOit1RLxWN4vzqA+K0vKX9QecdosWhp8IHNG\r\nuaA9nBitRxg5qQ9138Du2Wr7ZeaZEXPJWzlSvfHgzht9zXmMHZjBTb0=\r\n-----END RSA PRIVATE KEY-----\r\n'),
(13, '-----BEGIN PUBLIC KEY-----\r\nMIIBIjANBgkqhkiG9w0BAQEFAAOCAQ8AMIIBCgKCAQEAtRDV9wGX4MDVMuo6NOar\r\nxEod6sLwFyxTVpIa8I0evRywZP7xhLDUTHt4XybjtyiUhkjB5qda/uUmBhLJ25W/\r\novO7hs7loUQNIkQcw82bkF3ifwAfS+vljlvEchuPD6H5L/lQPbxbnkcs/tYDiM4e\r\n2yC81j/aSLt7KYonWegdjDXOpetztc63CQijyBpR2Rs5PPtpX5eO9a2lWK1tnjZz\r\nrdpufdXdDyYVIqH9VMdR2o721iRfopa0ToPEtRHikTaqooCyIRAVofssncci2Nw4\r\n8/4jzGJEC/Qo7QlaGdyUF+E8Svdg9zSbmc7j91CS1dUuZqZ7+OiTcRbqpvjd83+q\r\nEwIDAQAB\r\n-----END PUBLIC KEY-----\r\n', '-----BEGIN RSA PRIVATE KEY-----\r\nMIIEowIBAAKCAQEAtRDV9wGX4MDVMuo6NOarxEod6sLwFyxTVpIa8I0evRywZP7x\r\nhLDUTHt4XybjtyiUhkjB5qda/uUmBhLJ25W/ovO7hs7loUQNIkQcw82bkF3ifwAf\r\nS+vljlvEchuPD6H5L/lQPbxbnkcs/tYDiM4e2yC81j/aSLt7KYonWegdjDXOpetz\r\ntc63CQijyBpR2Rs5PPtpX5eO9a2lWK1tnjZzrdpufdXdDyYVIqH9VMdR2o721iRf\r\nopa0ToPEtRHikTaqooCyIRAVofssncci2Nw48/4jzGJEC/Qo7QlaGdyUF+E8Svdg\r\n9zSbmc7j91CS1dUuZqZ7+OiTcRbqpvjd83+qEwIDAQABAoIBAB2RSD9zxSdwleAg\r\nm6yz1mzRZZ1GhApktJ84cKnDgbeEDdIQR8RRU/nBV+DB6wGn4Mkk7HUL8zIYnWL0\r\ngn4XMBoeDwtukdUJ1dM4qDHZS4QBsNDoZjPxq6TZm3S+x1fYLWcGIXJTZeqs2M4s\r\niJs4fZVu/SdHeg/SfcREyTRHUTvp7ymRj5Jn6pI9PmgpXDy/U0e5VkSvoYptGHjy\r\n5jsgcmE6NAy7dDsmfnRSorUmsoBAf5BOrj4UYU7lpIAhxSF3+S88Yqh5NHnECSLj\r\n/MnkzszJMaIGta0dhxcAhHR3If4JHSQPaNZJD3UoMjSH8muApCT6XYd7CnBkRqYy\r\ntEp+KgECgYEA2OltW+kiUB5/ndG1oXq9AdqITYgMKJy94J4n3/uYDtssdSeyIyIy\r\nsJCHm9ZrRo34hTROKqxQFYmJ+QKDkIB/+JXAAE6BF/liL1jwTpbwuMwUyyo6cX+l\r\nFEU7I0j4tDCtMfqK9yXl+mJoudUIKJ2Q2scWxcZpmde9vHo8INYHwZMCgYEA1bHC\r\nPWdbeocHgDY4L9Dc/ugOZwxdLfDdtfHLLqtPRphMib9nHKfyKI7S4YXKCkWUMyHC\r\nVulLwP5QpHkLQJ8QSXy2UMeCrEHGIVG6wPruyPr9DAKMS/lb2XZ9hLnvofffnqSE\r\nBo3B4tmK05I6eGTgrmNE09zYlYczBpk1n2B7xYECgYBgAZlMt/he+9DCOoKo0Vl8\r\ny4vOvSucghusonPFuGcKFEouJH68/DLxYVcUS6g5lzbrRkZertvXXIP7+fffanC5\r\nxxYvTI/o25FwoW3jav1q3bFKZwttFvEq8qWFLZQetPjDiUAeueB7nTj7H2Y4C92E\r\nZ+AVc4dj91BcbsHUSscuDwKBgQCCecG+mjAJtQ6IYxKVZ3K4FVpN4we1uD63C8Zi\r\nXWjPEsiQxpQftA+wYdwypOzCrs8ZFUDCrjl5wg3dDqcnMrfQFtx+oAKSSKq/x1Y+\r\n5DgN8Om2fovJC5zgP2/OLXU6MM2R4KNYGQ/MAcW4/qzCu91PvP7WWR7I1b77BWrv\r\nQArygQKBgDQpOLvQFs/uVhzTMMqr8cjDDynJq+Z/0nIfAcHN0XvtyQXXDeUayCRO\r\ndkckOoJdQxG/0gIG02SgUWVHt5PK1bZRuMXauzp+EU7TFhyaNLak44q5vxonw+sq\r\n0mjcJJb3uIAom6tcdL088piuvaDUGmvyXkPOdgifWwkfF2X3kjNL\r\n-----END RSA PRIVATE KEY-----\r\n'),
(14, '-----BEGIN PUBLIC KEY-----\r\nMIIBIjANBgkqhkiG9w0BAQEFAAOCAQ8AMIIBCgKCAQEAp5UD/n62Tw+DJyjloFIS\r\nSJnoX5Oxp/mF35UIsn+Zdhwy8WTY5bzwpnsxi6XhL8gyrZ2qS7VpKT86s9xI8QW4\r\nK0hBCXmy6Vj1wgrrPr/S9KdWdn4KRP4mk5/b65ocupSpGjxkaEdGysSeMy4UlFIF\r\n/UeS/Et6olIq8WDmRdl6a5BsEPQtJNQopUA096V+aZGOXCpUMoFVVcyNz7jYbx7u\r\njMscpZnZdzXuAy/Qkwt/YDWgIlZoINa5zx9ytBPihaugeE9rSIe99xXWTNMBdWls\r\nxoLCsYfZLw2Db/41Oshp+Gnr6HEErF0vt6bpJXkBfIxIdeAQOXEu9skbE3Opb2Xb\r\neQIDAQAB\r\n-----END PUBLIC KEY-----\r\n', '-----BEGIN RSA PRIVATE KEY-----\r\nMIIEowIBAAKCAQEAp5UD/n62Tw+DJyjloFISSJnoX5Oxp/mF35UIsn+Zdhwy8WTY\r\n5bzwpnsxi6XhL8gyrZ2qS7VpKT86s9xI8QW4K0hBCXmy6Vj1wgrrPr/S9KdWdn4K\r\nRP4mk5/b65ocupSpGjxkaEdGysSeMy4UlFIF/UeS/Et6olIq8WDmRdl6a5BsEPQt\r\nJNQopUA096V+aZGOXCpUMoFVVcyNz7jYbx7ujMscpZnZdzXuAy/Qkwt/YDWgIlZo\r\nINa5zx9ytBPihaugeE9rSIe99xXWTNMBdWlsxoLCsYfZLw2Db/41Oshp+Gnr6HEE\r\nrF0vt6bpJXkBfIxIdeAQOXEu9skbE3Opb2XbeQIDAQABAoIBAAHLiNVrCgziv6bl\r\nuz/yYRvB+kk7zcVc2OBCOmufDkfDmZAYYnJjibhezXMPfdADNvfBHpfdA5lbggd3\r\nLpjWVNix13CAizgQqeFAOLDdYScZu8VdKEMA7eza44Isjm45NW6AgxrS2KFHZeJq\r\ndfH4xvOllp95N4ERnEAlp5HL+JG6X9XGNw05uX+NHAmQTRRoaHFH7uLKn1cqXouO\r\nSebTtLI4seFpnQCS0gPhVecK8am5W59QNpMzCkaRFmxOJYMvR5ALUd41fum4qdZa\r\nN1lJgw89DWmtw2NwyiHxRl9w5e7FGvtC07EcI6vG/AMsmfSsJKyG84/oDQoj/nSY\r\ndZbVdBkCgYEAt6RiDQWV5qir2cOJ4Rc3/V4uw63dTbMZNaQ9Ejq3esX6QLWTPNze\r\n510pNLGzhvA/3Csev2shZZ1fa9y//318IjdAd4w8hHmHPM26wsbnSAhoT5ZAkx4z\r\nJ9D06iceqxnnJdhkugDqAPdx7SAAKftxK8ygyxp83X3sMxlVu/qQbLcCgYEA6Zyw\r\ndO4YEWJ3VR+QEzeNCi1Aypn4le9jONXYmU7NvAIdZzQKG3DU/OlcwDWjkKB0LjSK\r\n2FTYh2ROnglx20DJHMS/fEt6OQvvCLc8F3ppOClGs8BpKelnRu7APmq4j5Uyouum\r\nkLW46jkKB6IOrLzgRf1CJ6JgpUbj+3RQL1rtKU8CgYBsr4JEWLDuEZebyymYKUi+\r\n0HX247idWskpwSlP16ZtqCxDDfO1Src10SIpCJ7K1vfEk1SgT4Q1gp1N1hlf2WGV\r\nUoP5/Op4MQDEELJewp9xN2Cc8b0IFRCLmRTKXBq/gxYVhOugVhgoOEqZ352ZOzIw\r\njOwBKI0L/ZHEcFMYbOP7IwKBgQCYbb7NbRWTMlZ+2mtdvp9uhnyCNdj3rA1n5lDA\r\nJ6UiCZc54cC+iu7OX04/tEAXfDqSc4ItCZ+HKDIL+EmsMCeJd+8hoPYNBvZfD4BM\r\nKXlCRdx2KRP1XvAeXmZd07C9LzKtD2nNfmU7nyAmPt2oZE1KHafuyIqbDRhw2EIB\r\nxCh/DQKBgBV4p3+RftbNsC3zZohIQ8pzgviB+u8s0UU+kkQBCmySfbrLNZBWFGMq\r\nKnRBHGOQx0gDtufSMeq2g8D7jVozZR8eyAkMQBSj3a8sAOwM5eFUbE+GXiHhiHGT\r\n5WfEKNKwfxgqNcVlfS5HR6oJa+xiwnow9XV6T7MSzWSx2EJeI8eH\r\n-----END RSA PRIVATE KEY-----\r\n'),
(15, '-----BEGIN PUBLIC KEY-----\r\nMIIBIjANBgkqhkiG9w0BAQEFAAOCAQ8AMIIBCgKCAQEAjwJAzf41pDcQwOLPffp2\r\noB82tBAN1iTLx2iI38DHo9S31kq5o4anXxKLblKazkA6IKBpdZe5hixYdp9CZToW\r\nTSaDtaAxEj9xAmHioAH5VBXTUojGc9l1vfVP2RYfqynvNPvYxQuq01guBBlQXAUY\r\nXqLH/wFOCmBaqCm4gdwoqdvc9HJ9da3+QHvzo+CsWiIZfJ1JN81j4qIRKwSBEUAh\r\nENEbyzSUcRxKFmZMK2FQhuoYtytS+tpd2GKjvPj7mzfFKBO9Ym03WByzCgWsKRdr\r\n5oM39BkCfgPFPVcMaBtucwkxidXHtFRjtu4dUP+1NgnMlt3rrDUJLjJwQOApMOJd\r\newIDAQAB\r\n-----END PUBLIC KEY-----\r\n', '-----BEGIN RSA PRIVATE KEY-----\r\nMIIEowIBAAKCAQEAjwJAzf41pDcQwOLPffp2oB82tBAN1iTLx2iI38DHo9S31kq5\r\no4anXxKLblKazkA6IKBpdZe5hixYdp9CZToWTSaDtaAxEj9xAmHioAH5VBXTUojG\r\nc9l1vfVP2RYfqynvNPvYxQuq01guBBlQXAUYXqLH/wFOCmBaqCm4gdwoqdvc9HJ9\r\nda3+QHvzo+CsWiIZfJ1JN81j4qIRKwSBEUAhENEbyzSUcRxKFmZMK2FQhuoYtytS\r\n+tpd2GKjvPj7mzfFKBO9Ym03WByzCgWsKRdr5oM39BkCfgPFPVcMaBtucwkxidXH\r\ntFRjtu4dUP+1NgnMlt3rrDUJLjJwQOApMOJdewIDAQABAoIBAA72u+QyENfVgTXF\r\npdN3RTlc+sLdmS0KnZ4IdKYBDIK6i9/q4sDXIqVCkf9hulwRgWOPlWleDmYZNsp2\r\nwKJJ8TJycL6s++V+aOtIZce7XSTswbd1o1pU60qMpCXBeF/XG/YN0jFQFrhVlj8M\r\njQmL6PBiFQ48SzevvFyzPOCtsj2PoWCwRPkb6XkoSMLwFIJqSdBT9mQNwPOQCcEs\r\nwDnxq839dA29hE2mHkHCrcsX3ZRwamodCW0Wz7YJf5Ld7q63dVuqEIzTwOTLX9ho\r\njp96VsMOtBD/B8MldA/alsdPPkkWn0fFzqnWkeNLO/p62gVLpJTMzQc71Yf7Lfvo\r\nnpebBOECgYEAxNnz+iXtOvGo7PJcit7TUUDWN/t4cuGZsFFfse2z7lNE4Wj87C7L\r\nL5cp/EHZRou6w9v377S5l6nuwhjOq6ppAQHmXAwQ0xcEizCtir0jCzpIR7w6DvtF\r\n2aFoHFJYwIBkeQeoT12UkHB9tGpAgopvKP5Fk3JWC6u+OvWOEGgE/BsCgYEAufqp\r\n55aTLaAHdgtvSH4+7Ssnoq2bxwznjVwirPRm5RXKHzL9li85iEF964lg4/wxaKjS\r\n50Ed42+uc0Hj4n+FM7DUNMlPw+7OU97tz0EGYY3Oct7jTzCkYL5Y5eW20r6De2ak\r\nd1zhsfF8qbglHNNy/2oti8LAcXyHb2WxAwfbeiECgYBEHsROIUfJ6QyzCl+58sgf\r\nyxcWgmA5KRa9LDu4X/CvHYOtmV5FASBxFJeD4umkfwAffQR8oAbFlBm6c0k5oJv7\r\nrEOiQM6lrcZ1wF+drjvtS7rtkBZrTsrqN+/GNTzfSM78DwlQhaq+nR7zCv3N7sfu\r\n4KcFEkDygvkugAEsbkKjVwKBgDrumi4/gY3Amvyl7PJ8xrXiqeGbv7QYe7tIidhi\r\nbcSD3hN61e5kMofhsOQVGTXFMWbnsEUFVlI+jnoJVAvuuqfBjczYScVdg9YB2zuE\r\ncGAzTksKI99xG3Voe8UFwKQRKJrO0KjeLspzKjyhlGkI+/TBkYMrCE4t1sDO6YN7\r\nVunhAoGBAKu1YVv1snM12PHq6D/DeeCGNp04DGcRpsmVhoaKvXVF8q9jmIbpD5vC\r\nrsEmuahh+alb7WPFkKNvF8eLpym5Heeg7kj9ZZSQqUOMEITpu5vtzfxXQVDLf7IR\r\ndO0vLZd5Ak9Zwo0g5MLTBFIqOtMlk54l8OVKx6jRKvLcKca2Led+\r\n-----END RSA PRIVATE KEY-----\r\n'),
(16, '-----BEGIN PUBLIC KEY-----\r\nMIIBIjANBgkqhkiG9w0BAQEFAAOCAQ8AMIIBCgKCAQEA26XFGvHGdZYszpAiJRTq\r\nNjpXAQUWOHhfisJzRUvxExXEcTKVnTsTY5TGjE8IP1oawxeDk66VotSGR+w5VbeI\r\nCyWFJTl6f7q0Pl3GYvAIvMNqsd7XLVxiYy9KSQQhSy0Zlrxmyak/YXcyLoLFGMMy\r\ncpeke+M2qt98QA2il1SvAfN8YpdcpM23l3uba151psgFvPWL48r/UU4vL3mwWZTp\r\nVTYYArVvaBd+M7rrshgYy1grB2e1qpOK/OhUXMwBgwlggsD1opXaHqy8oaDGSCcJ\r\n6qCLTCXF2S5qoIulLSrwCJcujloI6lwSpg9oTSjmpsFoar4jBeNOJrGLW7g7AyAM\r\nowIDAQAB\r\n-----END PUBLIC KEY-----\r\n', '-----BEGIN RSA PRIVATE KEY-----\r\nMIIEowIBAAKCAQEA26XFGvHGdZYszpAiJRTqNjpXAQUWOHhfisJzRUvxExXEcTKV\r\nnTsTY5TGjE8IP1oawxeDk66VotSGR+w5VbeICyWFJTl6f7q0Pl3GYvAIvMNqsd7X\r\nLVxiYy9KSQQhSy0Zlrxmyak/YXcyLoLFGMMycpeke+M2qt98QA2il1SvAfN8Ypdc\r\npM23l3uba151psgFvPWL48r/UU4vL3mwWZTpVTYYArVvaBd+M7rrshgYy1grB2e1\r\nqpOK/OhUXMwBgwlggsD1opXaHqy8oaDGSCcJ6qCLTCXF2S5qoIulLSrwCJcujloI\r\n6lwSpg9oTSjmpsFoar4jBeNOJrGLW7g7AyAMowIDAQABAoIBADaG/RsWyWNYkDAJ\r\ndQiKnCgxLHcq2ZzUOTe71RzvYN4Ric5mNeEuEL6oaO/dENmVV052UGpBrZEaPGmv\r\neX5PjRzjSB35GnGKGoPfCMh3+VtPEfYtMXLn297ulvzwYwmEHTWf+M54Ty01h4Yn\r\nXaGrl6L+BU3iFqityW0nVWVHFxke8MiKVx2/vcX7YvyKVqoxVle+oSS84MnlnEFw\r\nwofq7ggJozNwzvz5+QFh/t8yyc1Z7cdL1zcpqn7aljGdXpF3QlfANG8GIbh0kIcT\r\nDQKSfod46OG1UjGTcVnHs6121/ZT4EHjvKmZr2F3h3fckFe3zDRGhOHS9fnN2eTN\r\nopiQjuECgYEA9GYaJiQAeKxnyr06FOMhjn4MOXtLfALW7UJNGs+joYjvzNiqAkUq\r\nVKoXkO9Ha+tj3xLd/BlYJaWWML4w+K/fvdbUmMd+3rubgOTylqTpQ+M9lX6swRcX\r\nDZadWvVbliCdr20NTlLgqugUIqEq/lr/nnxRuTcr00jaSt+dlQG0WMMCgYEA5hLk\r\nzTQOg5kOby3/0osVQVAYLK2G7HV9enIWT856DLCoNWLE3zHYAcMOEqsPiVXQOukk\r\n3RK9kZhqRJjMZGWmZqaAeRiy8W7pSFSnw8/XjL0GKl8Mp0dDEYXv71SKq1LziB5R\r\nasVUCWKQFCfXWoD0ZsrDuWG1FWE2+vUY/3SnPqECgYAh/NkCGNuf7In6ndon8XZH\r\nNKxKiiTzOAnfsOq8IcglvL9sg20RJ8E9SPJCC6SpE3EuIpeQaY3inmaGnMx+qSa6\r\nZdfm70drfjef8zbxUDnIYR+9XIJ1z9o634k+jwSPmjWTodzJ2ai429GBB1zNRqZp\r\nyewrj8qedXE2HGbzw+rqtQKBgCgee09dGHrSIbY5azankhlFgjGoQLLS+gJ0Cnf4\r\nJUg5Ndu5UWMqKeSEwtt2gMsN77WWGhuCvRO6ZC16B4oqP43+0sBLEkkPchZuzKJU\r\nh92+yGhzEp3Iy2Uu2dv9/gBKArVltATOTA0m5sDdAayCeBvEl8SnyQ/lV9UDEEzb\r\nZp6BAoGBAJCdtFTYCfM5XZsREdcah8KdGX5XwZJAGp4ieXSsZ1matV3ISVlbU2yb\r\nMhGyZdFO7TcTWJa0WFwavD2raVtXCmLGt6nVc/fKbzLbJRHU4PdoTFiiqrNnDGGJ\r\nMsSGc5OozrZTrILRwNO7azhv0L/C04xMr1/zOFn9L81eSh6qqJeu\r\n-----END RSA PRIVATE KEY-----\r\n'),
(17, '-----BEGIN PUBLIC KEY-----\r\nMIIBIjANBgkqhkiG9w0BAQEFAAOCAQ8AMIIBCgKCAQEAwT+yQWZNvftbqnNnTLdP\r\nmGkXRRH0G7Yvn6mTy0EkMTzXCjEZdlInSGpP/tR/LlEzl02WxWwwdEBoktF63Xw9\r\nnpYE9p+oNyGRZt5mKP0tHsQLOBb7LVUtiEMnixKJIZEZr1Ij9OV+C9c9O5ro6/BI\r\nHc44Qrz1K4LK2gT0Qq1iMAuriAjPGMbv8A5N09rBVdcUqsYqFfBWYsu9p/hHpTwY\r\nPMpaCbXxmEmR/KYeUMnL7Oa4cv5SAgLSzBiA1IyyZIHZ2IOBTO+rNeESqXMjmhx7\r\nqPgkQJN4QL0XUyAP0+mvFZWCtk+VYhgBWHiUaamMtrPORGamEMER7gJ9IgGn0y3l\r\nWQIDAQAB\r\n-----END PUBLIC KEY-----\r\n', '-----BEGIN RSA PRIVATE KEY-----\r\nMIIEoQIBAAKCAQEAwT+yQWZNvftbqnNnTLdPmGkXRRH0G7Yvn6mTy0EkMTzXCjEZ\r\ndlInSGpP/tR/LlEzl02WxWwwdEBoktF63Xw9npYE9p+oNyGRZt5mKP0tHsQLOBb7\r\nLVUtiEMnixKJIZEZr1Ij9OV+C9c9O5ro6/BIHc44Qrz1K4LK2gT0Qq1iMAuriAjP\r\nGMbv8A5N09rBVdcUqsYqFfBWYsu9p/hHpTwYPMpaCbXxmEmR/KYeUMnL7Oa4cv5S\r\nAgLSzBiA1IyyZIHZ2IOBTO+rNeESqXMjmhx7qPgkQJN4QL0XUyAP0+mvFZWCtk+V\r\nYhgBWHiUaamMtrPORGamEMER7gJ9IgGn0y3lWQIDAQABAoIBAEXTPhVjYbPDntt3\r\n11tg4OGxFzddxVY9/fcyzrQiVXF1Cj4kf47BIHCJ+V2aalnR/VIuNswey2M14pMq\r\nHbrpqVoj2qdCCQXimycQNNmaoTL8oxEhPKCkpk8V9LPLfsEiLKWsiFF0mpasrvNa\r\nhc66g1RBrxJuNCgEmkcsgxWUkGXLMBtHItgg84dqF1f2fCh71L+m9xDDn0+8l4L2\r\nQe9LNnCPN9tlKaqL3N6cFp7b87llIuhTyRT5zORyvV6gyqkBnzFZ6yD83iOVARV7\r\np2lw/PN9B5qPteqUi29gp/HYANHod0Mb/rQVKtHdZjv0xsPNjHC6EDlVcNYrXqKA\r\ncDVOYgECgYEAyMRyBcyW5qwO4MNECTAjABtP42P0nK9UmrUAeqrP3Az9hLHcbtos\r\nNuNG8+dLUZ3xt8CD+A9A+nCNj15+m/Htd9X1KVv7lNKDCHdN530LAXW5K6/bUIAO\r\nh2KYmfu7qbDmRKujDzqSR4DfEwPf+2sjE/7AhBxUXk+VRJp91aLqp2MCgYEA9mm8\r\n3FUkJeOBK1AX4rW0HDhUeUry5ygX7Ethm3KrezHQjDvcOTt11n0UjsqBC1/8TrxD\r\n2YHymnPDUBAFVrAGdNT3NASV/+WU/qqR5TndK58/BiXqfDmmXhS5Bj/20Fs+XWXL\r\no7tfVnrMGVb3M/hRlwEU0zchhXuG8R1RzXTGcxMCf3pXOyRNh6cJMgfE9bCjpLBr\r\n9EKcpnLUZLnhkmktrXxqbhJuT+U9DbRkytfWGg+iL6nJpqGCqhXygFDdREnDIvHj\r\nb4HEi4okvbRq/w4RJKO/GReGEh776d6WNmee/rxpD+jIrpSZHIp1/XmY4uRSZQ3K\r\nL4ZRvRe7Zzpm6kdE/7kCgYBE7i1LwXF8O9kdYalc3RGGN2fCCmpKqZePnUKvtnMr\r\n4jKBmBkx1WVQW+sNSq6wnOg6qkWcqdJQzINdeS3VIyabNhv07Dd9vx5f4x0u73Hk\r\nSwbZVG/00jes58Ueb3Q+steOTvSZV8gCrBU+HWrHmfZQ9Jd7wldZPMXx2w7QF5OQ\r\nCwKBgQC23m6chNTmWfsNoxO2mc5fUfmyGrL9ZXBcvZYmaEs3gV1WZQ660Mm62Vps\r\n9xV5XGcAZPDv0oHYeHQXQkSb2aPgR3wBYx2Bd+CNZNMJDlj5pu6y/bt9kFjtBUQg\r\nPmIE1jb99roucl6qPZ7MbePyz1oD4qGt53gbX1OC2kLS54AfpA==\r\n-----END RSA PRIVATE KEY-----\r\n'),
(18, '-----BEGIN PUBLIC KEY-----\r\nMIIBIjANBgkqhkiG9w0BAQEFAAOCAQ8AMIIBCgKCAQEAolx6+CPIdk4BTEzcGJbr\r\nHUDEkA/HVaYOoFIhys18urwGFb8rLHRHkVvmwcS6qpSvIW2f4+45vpAyyl50MlPK\r\n5uGSRRXlo2e6jkw/UGKdgXQAZyW+axGpa0QcFUKyMqqlI1XAFGgaiGeTnB0bPU6H\r\nNydSw4iL+r52ri2IDGMqo2pF8FhiNelcvrivwG5FyYEXDzD1aZAMQlObvcQ5g+g2\r\n2BidJCpHZGR+6gMRS+hOSdp49rZ/pXhADL/GcaP8Xu5j/ew+8/WXpLkjhN4grFYf\r\ndjl6n/G5ljM+kksSX77bQ7sH9PBwx99GKda2W/9JAvS6vrc1BTVwiXozuSIaOoDm\r\nQQIDAQAB\r\n-----END PUBLIC KEY-----\r\n', '-----BEGIN RSA PRIVATE KEY-----\r\nMIIEowIBAAKCAQEAolx6+CPIdk4BTEzcGJbrHUDEkA/HVaYOoFIhys18urwGFb8r\r\nLHRHkVvmwcS6qpSvIW2f4+45vpAyyl50MlPK5uGSRRXlo2e6jkw/UGKdgXQAZyW+\r\naxGpa0QcFUKyMqqlI1XAFGgaiGeTnB0bPU6HNydSw4iL+r52ri2IDGMqo2pF8Fhi\r\nNelcvrivwG5FyYEXDzD1aZAMQlObvcQ5g+g22BidJCpHZGR+6gMRS+hOSdp49rZ/\r\npXhADL/GcaP8Xu5j/ew+8/WXpLkjhN4grFYfdjl6n/G5ljM+kksSX77bQ7sH9PBw\r\nx99GKda2W/9JAvS6vrc1BTVwiXozuSIaOoDmQQIDAQABAoIBACqmT3kicTS+jfG8\r\nmO5uqolPK7NKKcsyaVIs8QqEixjEbnbE9nLhgrFI6meJJZ3Mm+qUkPU/bXTFDUqC\r\noFReFYUryRATzfRsOaHKnrEfjo9kaPyvegNHKvFt/VCKaiQMFoAfNOtHY3zkdG6E\r\naNTkbXmL/1403sx5vtRHSp8yZ49wXi8TA+B9uHKvkESqAocIxsY60xjnJjK9u83x\r\nZ0ro1fa/py3df+glZy/kBvvLwtHMhcXWHU/E+Qq2wz3nuLAOIKgejyxLA3oT4p+Y\r\nB8p9j98rsAqhAf2IS0tnqdd9tnaUhvgxAQXd2CYiZ9t3/p+QW1h0TDpn25/lnIbR\r\nLibkdtcCgYEAul3iMsFXae35A36ws7uLUF8nHil/7z1rmbhffT7yK4kaTco5EgtB\r\nmr1SsN7eCcOTZqeVczddy5BJ4un83aJjW0oqB7NQU7cRUkZlhJGPBujE88LSfZXD\r\n9X5M3+jd8dRTAl69sLJORAJOOqGNBY3dQHknL6AZo9XDE/8XqRPq3fMCgYEA3wZ0\r\nYwSh4CHb1JyI2E8HL0coFvGiGemzuSGuYnZ+A0jm+sD5298NxT9TYxFroR8BbshD\r\nr8/g/7i9gUHDSl6M8RHPapRij32SknY7iBqMpnETBNrzQO48lIrBYZvBksYnCaw8\r\niCTetooGoNyCTqV8ylvQWtRQpA7BXueC2tkO0/sCgYAR2wLcCAge/wzXl+DIJ5TO\r\na39s9V7rhf/0J2UGs+wx3Z3mjBRxtSBg+fidN40gdFt//1hjRI+4/CcIFZEDjxZj\r\n3bQvLq/ohWakclgxnlyMteqAzE6sd5fhwmsNHNt+2u/lDzyvXDYBcBMcrPO8732e\r\nOr1VY8pxFv7swIj8ywq6nwKBgQCM6ccfyQ1+T+ZVr5HHGiev94Wc+Y8yUDb+Agns\r\nrHFyId3PEZ7NDWHl/tzw+1DFvJFrLZ2WuAGxkUgrIyIBGzxyFI65CIg9oVm6sHls\r\nxVmY0Fjz+GM540zjjcghpAfqdMi1k92rJ6CQNSV6/dhXWLhAI0LCIOPSxH/pNt22\r\n6O41gQKBgGOZ/xRemTzJUCBd3lofgMZbS0Z8fipsw+BVBLrTshnb7+Peg71JPNq/\r\n+RbjhLXexqQ0jmmBw3rvC0lNEMMp/PkJ+dDw+wu5f4PaYq12pYKcWLIjClpRP4Ec\r\nHp6VA33+y2B+hLV6djMOtH5s0YxGpFI/phvV4oqUXCGzL+jD0TWS\r\n-----END RSA PRIVATE KEY-----\r\n'),
(19, '-----BEGIN PUBLIC KEY-----\r\nMIIBIjANBgkqhkiG9w0BAQEFAAOCAQ8AMIIBCgKCAQEApISPMGNPgqxuL+dIU+o6\r\nxjVzSPQoP3YSekcG2qajvFYBFaQfeK8g2yO4bkIUJsRdHSJL4C/PtMVm7Pu3a4YQ\r\nWtQ1ftqMUOMjL+OktKfKiftX1Erq/nZMsJbFg5l2RNdoOHAb8rGe+KPgLqLnMfYf\r\n4G6ZxO3mL6s8Ztympkt1iFRh4nVC6yRPmFa8X1plt4uul+SZ8KnsrCn4z7XzGpbc\r\ngKAMYBiWJ2KcRnLvpsjC+OInX9KVmkT05AaY65j2a+5hFdCzr0yPsFjL30KRad9S\r\n+xBgBWn0sVHPwYilNuL7HGaScufN+8uSAarhpjTbElLdhNTTDjSPvRee1yR4TTIz\r\n6QIDAQAB\r\n-----END PUBLIC KEY-----\r\n', '-----BEGIN RSA PRIVATE KEY-----\r\nMIIEowIBAAKCAQEApISPMGNPgqxuL+dIU+o6xjVzSPQoP3YSekcG2qajvFYBFaQf\r\neK8g2yO4bkIUJsRdHSJL4C/PtMVm7Pu3a4YQWtQ1ftqMUOMjL+OktKfKiftX1Erq\r\n/nZMsJbFg5l2RNdoOHAb8rGe+KPgLqLnMfYf4G6ZxO3mL6s8Ztympkt1iFRh4nVC\r\n6yRPmFa8X1plt4uul+SZ8KnsrCn4z7XzGpbcgKAMYBiWJ2KcRnLvpsjC+OInX9KV\r\nmkT05AaY65j2a+5hFdCzr0yPsFjL30KRad9S+xBgBWn0sVHPwYilNuL7HGaScufN\r\n+8uSAarhpjTbElLdhNTTDjSPvRee1yR4TTIz6QIDAQABAoIBAATd6gl9qpy8Qp82\r\nqZhX6ciyzJgIJwenk8jbwItn2hiod6w++HJexetNrXdPi56Q+QszWEjHyU5494BD\r\nuwuagfHZ7MI1r2h2K7SPOLBidVarIZBFbhm8gKzJrQqlV88WCz5+LIl7sS78VBW1\r\nGn9LH2rJgtGFUyWuXGFTnjd1rIKtpjIsvOIs8i9xDcxMKsdsVlHegkw/EIimOzcY\r\nMr/A9eWsyHH1lYwVS053CzGyc9elGcjIf0iQUfPiVFd1GmG+YjTycBINmeYooun1\r\nGp8tT2nDwRgAyrCWiN274aiL/H4rmyBB3NCx1w2iN0cKTaHrfkdQSDt8dy8NX+o8\r\n2jUyJg0CgYEAvvVd58D+iUViuqgCfpRHg5c0a7vuuEQwFTY+XdB+jYWSCqDtcIjo\r\nf4S0Hxz5k00IAK6qZORmyHzorHbSN9KR1S58alENNQNgtvyOf+6fBithMvgwHXrK\r\n/5H6a1aLTfQOalCGvLLFh5TGW/aXjf2sPVCtgAp9260Vb0WI2oBLCd0CgYEA3I2y\r\nw5b5ZLFEUuByVaWDHu0rF1yX+mCtwCswXb0C7jUpyUQZjR6MJqA528Nk4r4uRbzW\r\ntd5bz51y3TNBw7xqx9+3tppFkQsclQWPg8Lk2QgtS+p7AwjPT7RkWXG8le4iC7Jo\r\nUgMeb6Pz0WmN9hE78PDm+tb9nxklFS2dicoVP30CgYAqe4Psry7xcxJH3GDRsENI\r\nrzbmUOUG8YSQ84RkcqH08iZPXwXz50FyPR+lXFjZwGVrYXBfCcEkEUXiOH0EFkCD\r\nYNgk/uslRB8cFovNQlT2lmgFYtmxdUP8H4nKn3JWYVljpY6UJGF1jE+k3fNRj4Hm\r\nEjDHL45YdOUz4BBWK/yFsQKBgGp5wf6o6TeSWNDF6IyuffG1P+NkYT6P4/HtJ8lp\r\nUXvckJLI3KkDQVf4bFZLK25HsCEcvG9KrPo7IdPmRe6QDOD3gUKXkdQnECJlb9aF\r\nhWO9jdijl8VsQGFTTkrcHNYpA6iv9ar6NHxjI3dKxS0xPsXgFzKsDf777aoevnph\r\n5AYlAoGBAJCtPLI58sZIu90STTE5Lhj7KQWS5OXxtYwpdHwG7mY/c7n7vs5FOeBv\r\ngbkTrVLlqAzWkkIKCgTpqI7IIjTUrlmKihotLNtgsB/IW5aWCoUB9n0oGDtt9JDq\r\nVkkAD7qexxAk7Wi8s1oje3e7W8Y/fxmjghDkpjEiIJT+ITFtDFT9\r\n-----END RSA PRIVATE KEY-----\r\n'),
(20, '-----BEGIN PUBLIC KEY-----\r\nMIIBIjANBgkqhkiG9w0BAQEFAAOCAQ8AMIIBCgKCAQEAh3sMgEHs5en32YpTfcUS\r\noBLxKSCzWeGQzt8YpO+3i/UGw7Xd7rC4tedGA8CMBUs15VmSwXsEoWr6dE4Fv20S\r\nT3GMw8QWL9We65fzHDJ8Vb4j5QKXMeJxIfF0Un6w8WyCj/RkealgQcQZejXjKa0j\r\nFEeFcO3ErsqE2/sFdCR+6amcotHw/rQMooabQWpxHmwz6dKCDft1qKuCMBdMViFq\r\nsCA15T4m5UK8be+NoSVDYVaHElGTo/vcy5xecIOFAuo/ffA4MYbyVEVyxGW847ei\r\nhWclYe2/ML820Hm069MRTpXcNl4LFZFgrs3nZPk0d+DEeDyJkO3vrPg3DY6+bGzd\r\ntQIDAQAB\r\n-----END PUBLIC KEY-----\r\n', '-----BEGIN RSA PRIVATE KEY-----\r\nMIIEowIBAAKCAQEAh3sMgEHs5en32YpTfcUSoBLxKSCzWeGQzt8YpO+3i/UGw7Xd\r\n7rC4tedGA8CMBUs15VmSwXsEoWr6dE4Fv20ST3GMw8QWL9We65fzHDJ8Vb4j5QKX\r\nMeJxIfF0Un6w8WyCj/RkealgQcQZejXjKa0jFEeFcO3ErsqE2/sFdCR+6amcotHw\r\n/rQMooabQWpxHmwz6dKCDft1qKuCMBdMViFqsCA15T4m5UK8be+NoSVDYVaHElGT\r\no/vcy5xecIOFAuo/ffA4MYbyVEVyxGW847eihWclYe2/ML820Hm069MRTpXcNl4L\r\nFZFgrs3nZPk0d+DEeDyJkO3vrPg3DY6+bGzdtQIDAQABAoIBAAYtYJ0Kec7j3kaq\r\nIsjAbxXNt0w87vXhWIpuK//9OXJlX4PAlkLCBlyuPl2BGSv2nsRQfhCvV2ngEv+x\r\nklvaO8mpL5YPf0QlaoPAdQ0V6jW4n9ywbmIPupZ7HWbThaWEYTxHaZC4iH3cf0g4\r\nuR0B2sXGcGRSmwit4uVAKqKoiqwvBswSr6UA6Ov9inP70gS9xt9WERvIK2h9I45F\r\nkMQh1qTQShQeWxpUCqnXK5QKtvpii9oqiGWlGf7GIRYWFp62oIp6ORwE8q2u5MEf\r\namIzYHlW/udmHjr+Ock1cKX6hvIYNqAmD5e6etebZWf3Bgv7fEegggUuHFEOX9pK\r\nsNHfIzMCgYEAt5/yl8F21vZSqGQER6YHJL/VnTUa6nZdeAAA9fIfpl8RnMJ9wv2r\r\nygv3f9R0IJ+si2a3Op8rRAB+5U+1uygYxe4DVcwT6Xzr984TsouJjXYLuvqVFQI0\r\nLVx0bZ9M5JwC/XdO7qsyF2PtrwQUOhKkSVdqoBtWJnZ311kYPECiZsMCgYEAvOFG\r\nxyrxkX4D2WAjd3ujpYkz0F7UMNe0FbCRyVg0MHasJICRMen53ogFcJprruf4ozX4\r\ny30rNfQnwFwPI1OqOtst33LLfMk4zVVt9/yPk1Ij84BCsXufWH2VCGiuPyY3Xl2Q\r\nPV/JHOD3PHIMiv5mQHZaM8qnPFOVsxPPsm1ckicCgYA96ZcxJdD8/8a08iwjQE6u\r\nTGQpAmvV3Bz9xfqM8ptLTEiy8zzWDxPqJwjHOAoDqfLSecqT4HEFF6mxhaO/u/BG\r\nZE8JkaqxEia5wekQTU4OvVuNKsozcC/Jj5/OCmUxu4yii6S4gk58ZnwQg66SOhDc\r\njbXsz+rHQzB7EpZCUoSvYwKBgQCTYycb28LNSYwvX/nNDsnQLpQkERt7UZbRJgtd\r\nFlsDRldl1H14eZ/lqja0e4tz3MgEc+VExNOnMnKihDO72VmIu+e76ZQoN8z/TZ6W\r\nWJqg1wP+yyM/47ugDb7x5N2zoVqrZE9d1RTWWCYVINnwzDt2KeSRbZ26UW8LYnY8\r\nQWJvGQKBgChxuxMsN1cZPqChyU4ADvuDpdnmKuSRzrCxl12o+eB0zeMbS37wkfCQ\r\nGEr+QGf1Jq96pEEJeP9A7AbarDJxbzZxglYPJCYKAQYwU7H9yi3KBgJ7iMVRcZYb\r\nmbw9djPZSSAXilc0GzVWk2CpkU7o8eAuStwRq43iw157LqJvyNbe\r\n-----END RSA PRIVATE KEY-----\r\n'),
(21, '-----BEGIN PUBLIC KEY-----\r\nMIIBIjANBgkqhkiG9w0BAQEFAAOCAQ8AMIIBCgKCAQEAmihFMG9r9dia3CS+mGjz\r\npGuzTrNabbN9RaT0ptAmkAKwzUukIuIKQlX+xPCQg/GRGezYu1JPPOLemTgnlUTA\r\n5w+j5ICq0jgLwf3O0XMYAbQRxFJqoBYIY4M6Y8SJBPnbfZYd3WsOkKfW5kCPlTLK\r\nSeHcH+/Y9DsQf6Ejdb/JaCiBP4h5bvvdZuTjFTVucRVw7litOo8dzWZBlxOvVU7v\r\nxBHnZxHVQfCzi0E7GDs8V0ggrMq1OjC7tdyqgXZqt7g99Z4R5dkQWJfLlnDUEZJf\r\nyYR22PADl0DjZW4U4BvnpuLygHhwyRATpuIJz9Ig5QEf+cDAEJU8pde2Vrb20Ueu\r\nlQIDAQAB\r\n-----END PUBLIC KEY-----\r\n', '-----BEGIN RSA PRIVATE KEY-----\r\nMIIEpAIBAAKCAQEAmihFMG9r9dia3CS+mGjzpGuzTrNabbN9RaT0ptAmkAKwzUuk\r\nIuIKQlX+xPCQg/GRGezYu1JPPOLemTgnlUTA5w+j5ICq0jgLwf3O0XMYAbQRxFJq\r\noBYIY4M6Y8SJBPnbfZYd3WsOkKfW5kCPlTLKSeHcH+/Y9DsQf6Ejdb/JaCiBP4h5\r\nbvvdZuTjFTVucRVw7litOo8dzWZBlxOvVU7vxBHnZxHVQfCzi0E7GDs8V0ggrMq1\r\nOjC7tdyqgXZqt7g99Z4R5dkQWJfLlnDUEZJfyYR22PADl0DjZW4U4BvnpuLygHhw\r\nyRATpuIJz9Ig5QEf+cDAEJU8pde2Vrb20UeulQIDAQABAoIBAAsHg7sX/wx/Thsf\r\nOjoQ05JpYzznqk9hfBPCHiqbh2Vzz9RXC7Fe5KGDjL9olR+05kRe1KXYWSjPyYyC\r\n/vAC094O7tNah6jpOiF2cuLmPhWMct34kJOPZ/5or+zd7aNlwK1e/W2Eq0LbGKNv\r\ngzux6dUN5rrWj/pEtI+RHEaggrzj1pLLxyq+Vu/DCi7L+H5zlCHOWMQlqtL1dji8\r\njttb0r8K/8axR9YR1SdUpWvkmRmUc3RhujMXE5UhItZ2vHXFcbj+bbfVOv/OIddw\r\nFicTMlW7w8aIAYyIlJmG06wSl/n8a6dVZJsRGQ+xJ8zv96W8vh8UopKwstG217vA\r\nXl7cMgkCgYEAx+1M/1s12/7wfJWosA3ctKRrir6ZVdDk+vV1hcwIjbmoHx8Bnwbp\r\nUq3Be/pESjvO5D55L2PG2PlIzjrxXqtfjunjFdY6fzNt9G83GMqMrQ3RsO64cxwL\r\n0UsUVO+Pm6idUQqq8srkEXvISeOMZIQN0UmW0fxrBYW8kcF5rWQa/jkCgYEAxWS4\r\nslxgtsfCgHx06PM3gKS7KTfZgGmARQhakiFO5PP3DpZTJV91XFDQW9Eh1iO0sKwT\r\nYx1lrUZsMpjBt6ee2HhR3p1PYih5F+fiKry1nAr9gIUTHwSOiLRDWFj+1pw569D3\r\nv7YhHlaQ5zRweLCx8cmiAwtdUm7ijTVGfSPR8z0CgYAHWIjDuS45bxyW90jDbz70\r\nxDXPW0F3Db3cGri+uch2rKOowRLmLPLVvtylGYT41Um8yS7atufPgRlTuoaz28gf\r\nECjv3Hc5xUH9ATkdCBQzJ5bU0XClihpFDmUo2cSFC6T8HVA6q4nFuq6ZSGsYJmH7\r\nlqCcBpJIGancESfPXyY+wQKBgQC/x3juyXOpgfFGFiUcAtmE4gd5J2rpKRdXeqNM\r\nYJIfPaxl/sUvhUwn8dhNrKU8QRqXn8eCP5h+vfH3QpTLU06wME4ShDIRQxNLl54U\r\nOZ4UylS7Xg9SzoGQ7dqUZnrJlaVsqG1cVJ5etGo6R6eSitGIAYenf44evd7cpMsk\r\nX/3mXQKBgQCwwWvsOZ7eoGo+I1INIWuNH1b8uON/v44NzmzDV+8iurBGpTrnx2vD\r\nGK2J2DS9+ZGcq7CSegXOIOjfNQ/cMZFoduThUBiavCex1chbEBKhTUkRBczNtgw+\r\nNXcBCqGzqnUXllrYDq+Pz3vFAwY1TYYr2RRslLQVZif2AsyyXdhvPA==\r\n-----END RSA PRIVATE KEY-----\r\n');

-- --------------------------------------------------------

--
-- Table structure for table `result`
--

CREATE TABLE `result` (
  `resultID` int(11) NOT NULL,
  `electionID` int(11) NOT NULL,
  `candidateID` int(11) NOT NULL
) ENGINE=InnoDB DEFAULT CHARSET=utf8mb4 COLLATE=utf8mb4_general_ci;

--
-- Dumping data for table `result`
--

INSERT INTO `result` (`resultID`, `electionID`, `candidateID`) VALUES
(1, 1, 1),
(2, 1, 1),
(3, 1, 1),
(4, 1, 1),
(5, 1, 2),
(6, 1, 2),
(7, 1, 3),
(8, 1, 3),
(9, 1, 3),
(10, 1, 4),
(11, 1, 4),
(12, 1, 4),
(13, 1, 5),
(14, 1, 5);

-- --------------------------------------------------------

--
-- Table structure for table `submittedelection`
--

CREATE TABLE `submittedelection` (
  `submissionID` int(11) NOT NULL,
  `voterID` int(11) NOT NULL,
  `electionID` int(11) NOT NULL,
  `selectedCandidate` bigint(20) NOT NULL
) ENGINE=InnoDB DEFAULT CHARSET=utf8mb4 COLLATE=utf8mb4_general_ci;

-- --------------------------------------------------------

--
-- Table structure for table `user`
--

CREATE TABLE `user` (
  `userID` int(11) NOT NULL,
  `name` varchar(50) NOT NULL,
  `username` varchar(20) NOT NULL,
  `password` varchar(100) NOT NULL,
  `role` varchar(3) NOT NULL
) ENGINE=InnoDB DEFAULT CHARSET=utf8mb4 COLLATE=utf8mb4_general_ci;

--
-- Dumping data for table `user`
--

INSERT INTO `user` (`userID`, `name`, `username`, `password`, `role`) VALUES
(7, 'Finnegan Murphy', 'finnegan_murphy', '59c1c1ba39b77ed77dd265017e3220204815f62b2498186d26b74d4a3cc4c7b7', 'VTR'),
(9, 'Grace Taylor', 'grace_taylor', '915965110be559e9f37b68b298dad558ae1599adb6e17e8580c1b84c8d9021a3', 'VTR'),
(13, 'Alice Johnson', 'alice_johnson', '4b002fe91c91ed09be2ab7b514c25e8d4d1f72d437b77c7cc1895988c0980eb4', 'VTR'),
(14, 'Benjamin Clark', 'benjamin_clark', 'd5ebe7dd5b60d98866e70019322c20dfbf09b959c657ecc8bf70b4e5629ffea9', 'VTR');

-- --------------------------------------------------------

--
-- Table structure for table `vote`
--

CREATE TABLE `vote` (
  `voteID` int(11) NOT NULL,
  `voterID` int(11) NOT NULL,
  `electionID` int(11) NOT NULL,
  `candidateID` text NOT NULL,
  `timestamp` timestamp NOT NULL DEFAULT current_timestamp() ON UPDATE current_timestamp()
) ENGINE=InnoDB DEFAULT CHARSET=utf8mb4 COLLATE=utf8mb4_general_ci;

--
-- Dumping data for table `vote`
--

INSERT INTO `vote` (`voteID`, `voterID`, `electionID`, `candidateID`, `timestamp`) VALUES
(4, 7, 1, 'CHfV91gDKquZp1ZpCBx6U29HuaWuMeNWkmLM/kNRhttIAjJ7KMIvKil68xYyPIDqI+AElbo/41QMyDMWxI5XjNbqiZRT3rH7B3QCmCNqSi3QLet/MvFlN+lCBOLpX903lAN0OC18lHIEkHb8xYRt/b9Njj3VAeq0EKjbRgFm0bIOtHhyzPdjwZsah+TxshI9GefyxrR4DifsXBYPr2LBcaUp2qyfD1tdpIdP+g0QP+0Uq8ohc1e189xBhnonVPhqHB8qp4T35pJ30qjEsNle3wvnltTQIuQmTTNdCThyTcqIjXGAHbFDKPeIzQBRi3LvzSsPdKmdV/fJ+FJaQIfHGw==', '2024-01-03 23:51:37'),
(5, 7, 1, 'tF6tEYI68S714m8AK4cnASIQk4BiaZiKCL1XCHKeNSenSRVO126ehgX073litNNoLXGXFPnN/lISAISzctYA+LQ7ydzcj9XoS6V/DKESzAfb4l2WS1PoSynuKzBALsl8nvlbFYQEPU5KigkXuQXiKMtINQanG5yDG8lHav3pdOc7uZGs0OZ2rO4mE8BNSsS1iaQUwFgBV4G/yClPLaSOyzhpmZGye2A44wWwdypGNxm6nAg/K+DTK2VFRhbRX8Q8mkc7OjvfCSGShaD1HlftYfo4lj/oEqx+V32bKHPkoqT4R3M4cBSU9voSpAj8sPYyCqV00qK/S97Ufd6hpN9V1g==', '2024-01-04 00:05:25'),
(6, 7, 1, 'bUg5diHSsj7mBrVSWzqbWhCb6wggPIeMMQdFpnH9ARtvF714mnF5tO+G5WXArOXXcN6rbd4+xv2EniBl+ubjM2mPKkF52Kgs3XOu7Q2y6D+uYAbyUqDV/YDQNGiw5oZFJhtBvWT9XzN3V5uI2yd6/5+zT3ezpbHuMm5BF577aABTjWpibQi5weHMY8iJdT83M6SNXOKudKzMkcgw41B/5RALEcxCavRunQrv0xfHsjNNAIq5+y1mxEbUxZPdHI7KdybIkST4Z2Hwh9YKRmir2AyEXhgfN6grngoBizbIIt9c8cLmiP/aSoL6r3FC16iPqHHlVaoFy1HPnE749A2CZw==', '2024-01-04 00:16:54');

-- --------------------------------------------------------

--
-- Table structure for table `voter`
--

CREATE TABLE `voter` (
  `voterID` int(11) NOT NULL,
  `email` varchar(50) NOT NULL,
  `publicKey` text NOT NULL,
  `privateKey` text NOT NULL
) ENGINE=InnoDB DEFAULT CHARSET=utf8mb4 COLLATE=utf8mb4_general_ci;

--
-- Dumping data for table `voter`
--

INSERT INTO `voter` (`voterID`, `email`, `publicKey`, `privateKey`) VALUES
(7, 'finneganmurphy@gmail.com', '-----BEGIN PUBLIC KEY-----\r\nMIIBIjANBgkqhkiG9w0BAQEFAAOCAQ8AMIIBCgKCAQEAp0zDdcqFjYpqcWjeti6A\r\nPYP7g9UD7rhsPi2Awl52l8nR/xfteXh9GvO3Dp8J1FPSiYzbTkHrGAGi/FKDq1my\r\nlKE5nByrregdTP+iIXSliKtibP6xhqBYbHlpUtzbU+CHnh09YumRUjy7Eo+TkuLR\r\nexSL5U+I7DiBDwEb7CtnyNiblBHBuPSUVdtr5ilB8o2C7kPX6rp8LGzIXL/nisy2\r\n29QHUmNyrxAfmqvrxd/+JO1kzl63Fx4YgujfOgD4QNqhW9VB+JwKnV0iNe0q1vlG\r\noF2lWlP/JEmE69A56QfpV+ijfVdFNQ5EtGI5+xAkAIY/HlIeCrK0aGXbgiXBkTS6\r\n+QIDAQAB\r\n-----END PUBLIC KEY-----\r\n', '-----BEGIN RSA PRIVATE KEY-----\r\nMIIEowIBAAKCAQEAp0zDdcqFjYpqcWjeti6APYP7g9UD7rhsPi2Awl52l8nR/xft\r\neXh9GvO3Dp8J1FPSiYzbTkHrGAGi/FKDq1mylKE5nByrregdTP+iIXSliKtibP6x\r\nhqBYbHlpUtzbU+CHnh09YumRUjy7Eo+TkuLRexSL5U+I7DiBDwEb7CtnyNiblBHB\r\nuPSUVdtr5ilB8o2C7kPX6rp8LGzIXL/nisy229QHUmNyrxAfmqvrxd/+JO1kzl63\r\nFx4YgujfOgD4QNqhW9VB+JwKnV0iNe0q1vlGoF2lWlP/JEmE69A56QfpV+ijfVdF\r\nNQ5EtGI5+xAkAIY/HlIeCrK0aGXbgiXBkTS6+QIDAQABAoIBABUuS4/J7msrU0sc\r\n8RdlH0DKiSkZarhKOpALsEHLdl3ExDS06ZCnr8UeBnbQLU0nuJ/ICMrpXxOIv4MN\r\nClUDE/Ar0lCgs56epLkHI1Zzf3Kkah9tBnpKKi+/llVSl2UQ5/KddpRjiE2+WRvi\r\nOBeQZl+cDBMh5O6tP6+v3wJhQ3BCwdHEUxmPEWhr5bMbDX4CEBGzV3iaS9lr/J1i\r\nb9LECtCity/HMrQVJ25hlarZ1Tnb/FHzHujB9n68JQ4vRnER8n1jWA1Bpd2rZRgi\r\nHTvTMjjSfHJC1DNTLbQWbJRXsy713qfV2Ewac/w9Ydj5Acw+BIHK9YlEGtgrac/s\r\nXBYdNXUCgYEA1KAa0MsFLZXTG820J1RBSoxsqCGyuKcRQH19RZUaGrKffiLQb5eM\r\nu8ViLrg6b6GGHS0wpr8USwlyL1JiDRZDuWXriDjMJG+GHKB6byM0ZbrQZzGjB1T8\r\nsUsoHq+5DYIZSJlxkzyXT5ncuJBKEdjMfh/OFQXqulk9S6YDfsBKiGUCgYEAyW2h\r\nnp+TyFsV5HZx9DIvXqfZolygLJ3x+MT2tgIixpg3K/BR+yFz1t6k1wa8SSQJQXIJ\r\nl26yTT+fzlbiUnYVfSSPoJHTjS//1T43+AvH9mDAXdxxjLRYcyvHgJ+p9/YE/Y1A\r\nq6+MxqHTig+Ba8jvAdi6lvQlj1/bFNgMUuRAPQUCgYBt2pqALaRrPPFpeAoQF9Pz\r\n9EFfTKnOBWNAcpV6keJ+0LLetJYEUcSAbyafBMgMTOPBx0tPm4GckzDPijzmjg5H\r\nh4T9SHsQiB4+RBt9uC6mMLLj3h1g+GPmJfKAiEGP3Ru7CqxHahKzKceEA+iA+AYP\r\nU9dhvUDdLqYgo5FCt47KkQKBgQDHsqc/KhpL0vIbdMp5PZ/1ChgcfhRW56hT6IJn\r\n5CoyFgrsxu+gOIQuDMIEZKsbIF0Ew1h7B8ZCC8gVu9HZyzR2w16Z5LmGCoZrFapL\r\ngvKWc0mERN9Wjh364PaDsMfEC+bascXh8MNy0lF1WPYItEcw33vt2NO8F16OhbuC\r\nGsUNOQKBgCiuwcKFZ0nBi+T8HQphl0KbMWk+UKYv0FPm8bK4rxTY5smouBC+qTmd\r\n46bv8rmTQYy1SZ7sdcvjLbfmCUYKI9ppbQ5s8ROdtGyxkExJ//c1gi61VZ5VgEoQ\r\nQ5H8dgvTlnpMP9aQFCutxUJp7TgN9mHbzMYYjeCrij5eubkjbVxk\r\n-----END RSA PRIVATE KEY-----\r\n'),
(9, 'gracetaylor@gmail.com', '-----BEGIN PUBLIC KEY-----\r\nMIIBIjANBgkqhkiG9w0BAQEFAAOCAQ8AMIIBCgKCAQEAuUyby9SFk+yzILBTV1Xu\r\noUqzojsel9hx8QjvtWTuNgWTHbMklv647QQZF5uSmUJ9jUFeRBJ/3/gpCgOXXk3w\r\nkTkM+wYrrFZxP87TDplt5nL9x9g7mcVMWSTSQAXgCxrYmawzD2iv7Yt/G6cy+S+K\r\nnkQU+423KsTj9rqVK2tU9OWe4j1MhE++pI5AlEvN39Eor1kfH0txgNHKx67/BDEW\r\nGm2r7+5q+mO/wHnJKc9kfUjv49OvktVUbKAshglY8bGVLhsVJzhM3/e5/tdT0JkM\r\nmO0ObBM6mUbO5SyawZx+nshRJtb5bi0qpMMYXv1Hse/9vQJaHhsbOIJbJ+W8Y5Az\r\naQIDAQAB\r\n-----END PUBLIC KEY-----\r\n', '-----BEGIN RSA PRIVATE KEY-----\r\nMIIEowIBAAKCAQEAuUyby9SFk+yzILBTV1XuoUqzojsel9hx8QjvtWTuNgWTHbMk\r\nlv647QQZF5uSmUJ9jUFeRBJ/3/gpCgOXXk3wkTkM+wYrrFZxP87TDplt5nL9x9g7\r\nmcVMWSTSQAXgCxrYmawzD2iv7Yt/G6cy+S+KnkQU+423KsTj9rqVK2tU9OWe4j1M\r\nhE++pI5AlEvN39Eor1kfH0txgNHKx67/BDEWGm2r7+5q+mO/wHnJKc9kfUjv49Ov\r\nktVUbKAshglY8bGVLhsVJzhM3/e5/tdT0JkMmO0ObBM6mUbO5SyawZx+nshRJtb5\r\nbi0qpMMYXv1Hse/9vQJaHhsbOIJbJ+W8Y5AzaQIDAQABAoIBAADhYKyeXv+ZzGyT\r\ndePodjypMZML35x2VG1CHvxwRTL3whAOL7ZxcaC7qCBc9nx4rMbI6JkfcuDWKaDA\r\n7V1O9r2D5UBEklzMYNeeJJHRUAy8H2FNkVPs1GzogEC6XmsDFsQdJbV1KH/TDbis\r\nidEWBR01ItninZwMCS69CnQlO4c51XwZ0RBs1Crn/roqxnq+ZDREntqbsOnX9ADU\r\nv91w+RNcXNWHrN4vWO0uZFpZshXqFuzbnZWXHm/2cEAgkflXvU9TDyBWsEQJEOYg\r\nUR8fE7u589v8RzInvqS/Bl+LHPanETafneFADQ9CrUnebWNbASM4QL3HzX08QTp+\r\nK8miGlECgYEA72S2iitvJWM0IwVCp4wn+AeZih74lCZLQ+ZXTBXelAcwR3MhMQ2u\r\nxItI3m9AImlws3rars0HdfDBLFWVBEKjIIvInPZl8uK5a53ECK0NzpD+7lcYczM+\r\nmIffYuBUunbYIHLngTsah4LpNHrZR6FDq2GrvqgUp5Ci3BbfAizc9ZkCgYEAxidC\r\nlvwqAMHIlhPP/ewsx0mnBcHnwrUs70Q0fkI2im72HY/OcNDihP+xwysn0kassMn0\r\nOGhSa2rPg0UNlJNWriH3qUvL/yl4UomYR5e3WOmqbqYu8I+z5p9Y1fyg3LSAlueq\r\nZ8NQ3d25ySIjlVzp/UjTtdhxUP2w3lYRSaLNLlECgYBT0S1gXyjBLGS6xkK6KwZr\r\nfy2xAHsEVAwSL/nst9OAfKvYuGSsqh/AzQusZcNMySIelSsv/LVaA/t+rFBKd5Jp\r\n+Mc6vcKgMeW92jUi3IRzCK1ZgcEbxJtsCFacZfMEfkvZwKFxy+HUBG/mYgTlYX8x\r\n6DabwHnK2YdMC+308wRCMQKBgHpYIzU13Hk7LK387Z7KA5vITeewIXiGhIf2hLKw\r\nDxzKBguajsv5LOMRPKBUNPIP0PAWwUNSphDMkfNq30es8Qfy0QcmVX3mDPRpICyT\r\n8BBltWU8Fh9RmrH6EM+Oe4PJrtt9jiki3vsdu2gEPBQsmgxYut68FLr86Ade/K2K\r\nZ0UBAoGBAJCK3xAgusXjGveggbXKCOn+oHBOhljD/TsgaqTXzp5uU41fePXTWxcP\r\nhSVMgoNaGnaK8tFVoM9wLKOfu7nCZFerlKY0g2vkcTwQKYULMyowc2eSTahTAZXF\r\nXw80bGLe2EdDijgq7ZoHeJa2tDH9SWVs0pCaHoWZv56BiGLRQsG2\r\n-----END RSA PRIVATE KEY-----\r\n'),
(13, 'alicejohnson@gmail.com', '-----BEGIN PUBLIC KEY-----\r\nMIIBIjANBgkqhkiG9w0BAQEFAAOCAQ8AMIIBCgKCAQEAtK82NNHh+75xlVvuz44D\r\nCRaVMI7sVelrqe3TircN+xNBsOF5/i+ySuFh51P5uLfw8FNlSmMrELHelRgIgY4g\r\n5Too1cIqHiA58m/UcDD5Ug2o8H4cIYQEXejKiM3z+rWhLmuFov8+gHuU7jIQc1yK\r\ntNYpA5i5EIRQK8uPvRrQc1ydu79ezykN1+PdWFsmb4Oem9tfK1rIRnJdLpFSl1yA\r\nBXfO7BVkV03D29O+bVnwQW9apOfUGGj0Lauhq/h25XpcZlfMNJlxe6hcObCzbCPL\r\nQTDuC49c0Cdlwbg+YXfZPcfWOkDnAVIO4YNmqcGra5mde956wrN0OnRgiB4iWxTF\r\n8wIDAQAB\r\n-----END PUBLIC KEY-----\r\n', '-----BEGIN RSA PRIVATE KEY-----\r\nMIIEpQIBAAKCAQEAtK82NNHh+75xlVvuz44DCRaVMI7sVelrqe3TircN+xNBsOF5\r\n/i+ySuFh51P5uLfw8FNlSmMrELHelRgIgY4g5Too1cIqHiA58m/UcDD5Ug2o8H4c\r\nIYQEXejKiM3z+rWhLmuFov8+gHuU7jIQc1yKtNYpA5i5EIRQK8uPvRrQc1ydu79e\r\nzykN1+PdWFsmb4Oem9tfK1rIRnJdLpFSl1yABXfO7BVkV03D29O+bVnwQW9apOfU\r\nGGj0Lauhq/h25XpcZlfMNJlxe6hcObCzbCPLQTDuC49c0Cdlwbg+YXfZPcfWOkDn\r\nAVIO4YNmqcGra5mde956wrN0OnRgiB4iWxTF8wIDAQABAoIBAEdeujus9+W3uSf1\r\nM2SaxMovOGkA24un8xYhUiEF46jcV2Nl/QkRkAyR8Fkuy4JSbgKP/n+eomEq0S/1\r\nWU7LdGT3Ty/4TSivNBR2ZeSXA7SMnsG4HqaCfjMWBAJ7z7alTfCHGjdjOS4JIq/f\r\n6K2YzVVXDsZT6i4DBaP2+WUKFXKrZd5ZnRzUOEQMj3fHyeRzKNJNpqztHgySuVkd\r\n+wL29t66Xvmu8Akq0jzWPPt9Z57JShWh7DYGop/B08iwRJ7N1xj2bVeT3+lK6RgP\r\nJd7p3dBo3A6hG5VACuxsZMvK2/7wFiA+vCVHr8RRB6/oXRVoI3xJeM6yoigKihUH\r\nD7CEGdECgYEA1oLfIVpRbT5ZZIQ6GCbvVhnsea8UE1ys7c60noDWHpq5IelEm4G3\r\n/IcPOTxI6iNCGgxzSemQajJLbn1HycHfwHV838Q3XF8feLB1k9pr0BHET27VHC+H\r\nHOOvotm6b+otJt7Pu6jcahejpVpGuw4eNuciZxYqLYpo5WgMCooh/osCgYEA16F3\r\n8db4CHj6Sw7v8JB2fA4WUxnNYI1R6TXM5jx/2vekj8ImwOb2MZVWyEhAsD0e6hOG\r\ngoeA4pq+nbP5sdNojSOFm2XCk2doOJ9ZvaLyua/Rcc9CZ2i5/qKHDsa/OSYS6BP2\r\n/Da6uAXdELN4AH8h703Pa0e2UAvHipieJ9c9azkCgYEAuvsc0A/QRm9AsJNpqD/Y\r\nA69ZJ8BquW3g9vFlE3yuJ8MqeNrCiOKLo71+kZ9w11ageeA8ZkMHNOpeQhNGDiHG\r\njhZbIRoCP6xS3HrEInsT2yyBd9PeQ1FSbuYw5Lzw/Did3vH9FVDdwESWyr1kRgzK\r\nXYUfwcfaQBQT11PYmx9I/n0CgYEA0Z3A+RMNyUa5og+iRoxY8h3Lq/sQQMUAlKHd\r\nTxAPBnDow2tsuueK+wZ+93HtmKXCELDseKV7ME5X8PyNRkYKg/G9JySUMzE6Cpk1\r\n5vip1sLI60cc+WPAM34Rptaj+808YelOlz4o402n6l1c0bbE6VoNwe9Tlprs3pmg\r\nXYCKz1kCgYEAx3aIcrR/Z5MDGhPBHLgH7jN0kLdXQokP/YX+P9ohuawK9taLyMLw\r\nbM+OgINc0jEe9Fe0OmZZ1jTyOI4hKluu1TBDutUmcQXhADpXtWAjRKicHiw9xE/e\r\nYJKvS3IN5eSrgLqzjAHfz7CyLTI/ZVB2BsN6He2w+yIZ/mgRIWdBkIE=\r\n-----END RSA PRIVATE KEY-----\r\n'),
(14, 'benjaminclark@gmail.com', '-----BEGIN PUBLIC KEY-----\r\nMIIBIjANBgkqhkiG9w0BAQEFAAOCAQ8AMIIBCgKCAQEApA2RD4YQXACc7nyWKxMl\r\nhqNnFlDLf0I2sxno3hg7WayraUYR+27Uvc3EuWpuL397hAAqurus7Z0Kl3Y/GCXp\r\ntTHmsimg97wbtRJwYf2lrGltxmy2nPc3Kq7sD2t9RsZO8NjCz1mOkvxjbZ2FJ7yz\r\nt52MZlg6RfaaGtkLbi6T7EgbwVDVgCTK2o75BfLZCCa7E9lcTQxQFtcKoKrPHT6o\r\nUv1q06sjMhnjE1K9UEkX+04L2k3uB2X/yundAg/8qYIU6IuR9UUPaUAgLx/+COOj\r\ne9cHwT7poEFKqnJ8U8AX+W7vnunsMwX7VSuit4ge/rsvGGhUYSuNamwPlQzfGwvB\r\nFwIDAQAB\r\n-----END PUBLIC KEY-----\r\n', '-----BEGIN RSA PRIVATE KEY-----\r\nMIIEogIBAAKCAQEApA2RD4YQXACc7nyWKxMlhqNnFlDLf0I2sxno3hg7WayraUYR\r\n+27Uvc3EuWpuL397hAAqurus7Z0Kl3Y/GCXptTHmsimg97wbtRJwYf2lrGltxmy2\r\nnPc3Kq7sD2t9RsZO8NjCz1mOkvxjbZ2FJ7yzt52MZlg6RfaaGtkLbi6T7EgbwVDV\r\ngCTK2o75BfLZCCa7E9lcTQxQFtcKoKrPHT6oUv1q06sjMhnjE1K9UEkX+04L2k3u\r\nB2X/yundAg/8qYIU6IuR9UUPaUAgLx/+COOje9cHwT7poEFKqnJ8U8AX+W7vnuns\r\nMwX7VSuit4ge/rsvGGhUYSuNamwPlQzfGwvBFwIDAQABAoIBAAuh5qJKKEjNxlLm\r\nxKMjRWrplTqw2e0ZHdXPRYLSBwtRwgnB7S596lnXCFb5Y/y8Nl7iwCTjf9yNYR3i\r\nRZEJxyuQ8UG6z+4hCXnqZ8ua969k/mKufLhekyvUoWpqfcSR9TEAvbeEKybi/I3e\r\nOH3b1IZ1hmoPYXpqhPzYXQYgCV8clJuZ59hwTmyNYMsYU7CltZQnUXOG8MBViR6B\r\nBcXgprBrwyNXRHq9PiRee8aw+gUK8RY3gy7VTGld+IGn/Kkt32mscxQrzze1dNWB\r\nB+Y7AmyO5FXBWnZpW5z1X6rs2Oruov88h3apHrq+aieDYgPq97EYRBu2Wfj6Sqv9\r\nhVnhIukCgYEAuNmQIleBp84zjgWfTfsneXMSr7tYT0PYEVIqxzqxVx8PEzLey++H\r\nhhaU6kmyXs8zpcfTLoG4ucjIch0t52wyk/JoFup5R+Eiy1lQncx8A/hAXQc4jp3B\r\nbuJhUjsJyoS7qFqhyl4ecuzL/eRymUL8wJnOVl1LgUMIHR/pMBC97XMCgYEA4zLB\r\njoFgtO663mMmYbw21DptAq6olZr0UQ/M+a1sLWQN4K9DrJfPaKHrfEAdmQ3ceKDo\r\nTHoGx7T8BNWKh1H+p7bZO+ApvYgwCCcvNYcALzXzRyUGgj8Nb8n+81JAh8CjTm9x\r\nWwD/shAOuSgOqYZdAAl75v0vHjR8s5XL9ngR9M0CgYBgSOs8CCrAFrdh/em5+93W\r\n9CrCoKpiN2ufshYYSqk/QS1gCbplrfIA1VhiJVsk6Xb0nn6RFf77vusyDaLwjbpW\r\nuAiiDyZ3W3z9QRut5mqewrv7+RvrpZ6xPHgHFjuGYtdA3VyzBY2EvXWQXWOYE32G\r\ncVc6Q0RmI11hllKnt8DGowKBgFUoDQxQyeKHKFt6ZkRzu0lIrNs4g8+vSKupdHaQ\r\n3d8VhW4VwxPJwt/A8PadQXrAi0ZbaTZg9nGcEGnvcADQZtaN3lZm6r4zcW1c4oD5\r\nnMQVQJ4F7q6a23pvB7RDvBQlzA/2DVLCyRQAmMQlk3lO90SwSVSGyUZU/fiByPUU\r\nhAZxAoGAIryZgwV/quaR/Oy80y6iGiGJQ588PW9UHMvvLVVXrNI7ZzpLlcHkDNPd\r\nmGojjySYtxq5NCJLEbJ9u74r0IwAQX4GWTaCu9uc2EhAW1qbNMdji3SOJowTDd7d\r\nzTWYEKomtkgwuseykW2WeqQ5BLzWqMW+Vmc1qWlUTy+zHBkbArM=\r\n-----END RSA PRIVATE KEY-----\r\n');

--
-- Indexes for dumped tables
--

--
-- Indexes for table `candidate`
--
ALTER TABLE `candidate`
  ADD PRIMARY KEY (`candidateID`),
  ADD KEY `fk_candidate_election` (`electionID`);

--
-- Indexes for table `election`
--
ALTER TABLE `election`
  ADD PRIMARY KEY (`electionID`);

--
-- Indexes for table `participation`
--
ALTER TABLE `participation`
  ADD PRIMARY KEY (`participationID`),
  ADD KEY `fk_participation_election` (`electionID`),
  ADD KEY `fk_participation_voter` (`voterID`);

--
-- Indexes for table `platform`
--
ALTER TABLE `platform`
  ADD PRIMARY KEY (`platformID`);

--
-- Indexes for table `result`
--
ALTER TABLE `result`
  ADD PRIMARY KEY (`resultID`),
  ADD KEY `fk_result_election` (`electionID`),
  ADD KEY `fk_result_candidate` (`candidateID`);

--
-- Indexes for table `submittedelection`
--
ALTER TABLE `submittedelection`
  ADD PRIMARY KEY (`submissionID`),
  ADD KEY `fk_submittedElection_voter` (`voterID`),
  ADD KEY `fk_submittedElection_election` (`electionID`);

--
-- Indexes for table `user`
--
ALTER TABLE `user`
  ADD PRIMARY KEY (`userID`);

--
-- Indexes for table `vote`
--
ALTER TABLE `vote`
  ADD PRIMARY KEY (`voteID`),
  ADD KEY `fk_vote_voter` (`voterID`),
  ADD KEY `fk_vote_election` (`electionID`);

--
-- Indexes for table `voter`
--
ALTER TABLE `voter`
  ADD PRIMARY KEY (`voterID`);

--
-- AUTO_INCREMENT for dumped tables
--

--
-- AUTO_INCREMENT for table `candidate`
--
ALTER TABLE `candidate`
  MODIFY `candidateID` int(11) NOT NULL AUTO_INCREMENT, AUTO_INCREMENT=11;

--
-- AUTO_INCREMENT for table `election`
--
ALTER TABLE `election`
  MODIFY `electionID` int(11) NOT NULL AUTO_INCREMENT, AUTO_INCREMENT=8;

--
-- AUTO_INCREMENT for table `participation`
--
ALTER TABLE `participation`
  MODIFY `participationID` int(11) NOT NULL AUTO_INCREMENT, AUTO_INCREMENT=3;

--
-- AUTO_INCREMENT for table `platform`
--
ALTER TABLE `platform`
  MODIFY `platformID` int(11) NOT NULL AUTO_INCREMENT, AUTO_INCREMENT=22;

--
-- AUTO_INCREMENT for table `result`
--
ALTER TABLE `result`
  MODIFY `resultID` int(11) NOT NULL AUTO_INCREMENT, AUTO_INCREMENT=15;

--
-- AUTO_INCREMENT for table `submittedelection`
--
ALTER TABLE `submittedelection`
  MODIFY `submissionID` int(11) NOT NULL AUTO_INCREMENT;

--
-- AUTO_INCREMENT for table `user`
--
ALTER TABLE `user`
  MODIFY `userID` int(11) NOT NULL AUTO_INCREMENT, AUTO_INCREMENT=15;

--
-- AUTO_INCREMENT for table `vote`
--
ALTER TABLE `vote`
  MODIFY `voteID` int(11) NOT NULL AUTO_INCREMENT, AUTO_INCREMENT=7;

--
-- Constraints for dumped tables
--

--
-- Constraints for table `candidate`
--
ALTER TABLE `candidate`
  ADD CONSTRAINT `fk_candidate_election` FOREIGN KEY (`electionID`) REFERENCES `election` (`electionID`);

--
-- Constraints for table `participation`
--
ALTER TABLE `participation`
  ADD CONSTRAINT `fk_participation_election` FOREIGN KEY (`electionID`) REFERENCES `election` (`electionID`),
  ADD CONSTRAINT `fk_participation_voter` FOREIGN KEY (`voterID`) REFERENCES `voter` (`voterID`);

--
-- Constraints for table `result`
--
ALTER TABLE `result`
  ADD CONSTRAINT `fk_result_candidate` FOREIGN KEY (`candidateID`) REFERENCES `candidate` (`candidateID`),
  ADD CONSTRAINT `fk_result_election` FOREIGN KEY (`electionID`) REFERENCES `election` (`electionID`);

--
-- Constraints for table `submittedelection`
--
ALTER TABLE `submittedelection`
  ADD CONSTRAINT `fk_submittedElection_election` FOREIGN KEY (`electionID`) REFERENCES `election` (`electionID`),
  ADD CONSTRAINT `fk_submittedElection_voter` FOREIGN KEY (`voterID`) REFERENCES `voter` (`voterID`);

--
-- Constraints for table `vote`
--
ALTER TABLE `vote`
  ADD CONSTRAINT `fk_vote_election` FOREIGN KEY (`electionID`) REFERENCES `election` (`electionID`),
  ADD CONSTRAINT `fk_vote_voter` FOREIGN KEY (`voterID`) REFERENCES `voter` (`voterID`);

--
-- Constraints for table `voter`
--
ALTER TABLE `voter`
  ADD CONSTRAINT `fk_voter_user` FOREIGN KEY (`voterID`) REFERENCES `user` (`userID`);
COMMIT;

/*!40101 SET CHARACTER_SET_CLIENT=@OLD_CHARACTER_SET_CLIENT */;
/*!40101 SET CHARACTER_SET_RESULTS=@OLD_CHARACTER_SET_RESULTS */;
/*!40101 SET COLLATION_CONNECTION=@OLD_COLLATION_CONNECTION */;
